序号,关键词,方案ID,推广单元ID,消费额,点击量,浏览量,跳出率,平均访问时长_秒,有消费,CTR,CPC,有浏览,有转化,平均浏览,GMM_K,cluster_id,分类
1,9,63563817,1841014603,3424.41,3271,9750,0.6109,196.0,True,0.3354871794871795,1.0469000305716907,True,True,2.9807398349128706,8,0,高价值转化型
2,283,63563817,1841014603,0.0,0,0,,,False,,,False,False,,8,2,低效长尾型
3,726,63563817,1841014603,252.86,135,255,0.9059,39.0,True,0.5294117647058824,1.873037037037037,True,True,1.8888888888888888,8,1,稳定拓展型
4,770,63563817,1841014603,0.0,0,0,,,False,,,False,False,,8,2,低效长尾型
5,800,63563817,1841014603,0.0,0,0,,,False,,,False,False,,8,2,低效长尾型
6,867,63563817,1841014603,0.0,0,0,,,False,,,False,False,,8,2,低效长尾型
7,1186,63563817,1841014603,1.79,1,1,1.0,13.0,True,1.0,1.79,True,True,1.0,8,7,低效长尾型二
8,1277,63563817,1841014603,0.0,0,0,,,False,,,False,False,,8,2,低效长尾型
9,1517,63563817,1841014603,0.0,0,0,,,False,,,False,False,,8,2,低效长尾型
10,1567,63563817,1841014603,37.32,23,77,0.6957,187.0,True,0.2987012987012987,1.622608695652174,True,True,3.347826086956522,8,1,稳定拓展型
11,1583,63563817,1841014603,0.0,0,0,,,False,,,False,False,,8,2,低效长尾型
12,1667,63563817,1841014603,88.09,41,86,0.8333,49.0,True,0.47674418604651164,2.1485365853658536,True,True,2.097560975609756,8,1,稳定拓展型
13,2023,63563817,1841014603,0.0,0,0,,,False,,,False,False,,8,2,低效长尾型
14,2083,63563817,1841014603,0.0,0,0,,,False,,,False,False,,8,2,低效长尾型
15,2123,63563817,1841014603,6.32,3,2,1.0,8.0,True,1.5,2.106666666666667,True,True,0.6666666666666666,8,7,低效长尾型二
16,2294,63563817,1841014603,0.0,0,0,,,False,,,False,False,,8,2,低效长尾型
17,2373,63563817,1841014603,0.0,0,0,,,False,,,False,False,,8,2,低效长尾型
18,2384,63563817,1841014603,0.0,0,0,,,False,,,False,False,,8,2,低效长尾型
19,2478,63563817,1841014603,49.0,25,166,0.4737,646.0,True,0.15060240963855423,1.96,True,True,6.64,8,1,稳定拓展型
20,2505,63563817,1841014603,6.15,2,7,0.0,142.0,True,0.2857142857142857,3.075,True,True,3.5,8,5,潜力挖掘型
21,2570,63563817,1841014603,10.34,7,27,0.5,54.0,True,0.25925925925925924,1.477142857142857,True,True,3.857142857142857,8,1,稳定拓展型
22,2590,63563817,1841014603,0.0,0,0,,,False,,,False,False,,8,2,低效长尾型
23,2789,63563817,1841014603,0.0,0,0,,,False,,,False,False,,8,2,低效长尾型
24,2889,63563817,1841014603,1.89,1,1,1.0,21.0,True,1.0,1.89,True,True,1.0,8,7,低效长尾型二
25,2892,63563817,1841014603,30.77,18,54,0.6842,119.0,True,0.3333333333333333,1.7094444444444443,True,True,3.0,8,1,稳定拓展型
26,2980,63563817,1841014603,0.0,0,0,,,False,,,False,False,,8,2,低效长尾型
27,2985,63563817,1841014603,114.03,75,197,0.6901,164.0,True,0.38071065989847713,1.5204,True,True,2.6266666666666665,8,1,稳定拓展型
28,3106,63563817,1841014603,0.0,0,0,,,False,,,False,False,,8,2,低效长尾型
29,3160,63563817,1841014603,0.0,0,0,,,False,,,False,False,,8,2,低效长尾型
30,3169,63563817,1841014603,5.66,4,4,1.0,7.0,True,1.0,1.415,True,True,1.0,8,7,低效长尾型二
31,3304,63563817,1841014603,7.68,5,6,0.75,50.0,True,0.8333333333333334,1.536,True,True,1.2,8,6,稳定拓展型三
32,3334,63563817,1841014603,0.0,0,0,,,False,,,False,False,,8,2,低效长尾型
33,3485,63563817,1841014603,0.0,0,0,,,False,,,False,False,,8,2,低效长尾型
34,3501,63563817,1841014603,13.49,8,40,0.75,361.0,True,0.2,1.68625,True,True,5.0,8,1,稳定拓展型
35,3732,63563817,1841014603,15.92,10,11,0.9,29.0,True,0.9090909090909091,1.592,True,True,1.1,8,6,稳定拓展型三
36,3840,63563817,1841014603,0.0,0,0,,,False,,,False,False,,8,2,低效长尾型
37,4043,63563817,1841014603,0.0,0,0,,,False,,,False,False,,8,2,低效长尾型
38,4048,63563817,1841014603,2.81,2,23,0.0,477.0,True,0.08695652173913043,1.405,True,True,11.5,8,5,潜力挖掘型
39,4183,63563817,1841014603,0.0,0,0,,,False,,,False,False,,8,2,低效长尾型
40,4186,63563817,1841014603,3.17,2,3,0.5,124.0,True,0.6666666666666666,1.585,True,True,1.5,8,6,稳定拓展型三
41,4195,63563817,1841014603,0.0,0,0,,,False,,,False,False,,8,2,低效长尾型
42,4675,63563817,1841014603,1.45,1,3,0.0,42.0,True,0.3333333333333333,1.45,True,True,3.0,8,5,潜力挖掘型
43,4713,63563817,1841014603,7.19,4,8,0.5,31.0,True,0.5,1.7975,True,True,2.0,8,1,稳定拓展型
44,4773,63563817,1841014603,52.44,31,42,0.8621,48.0,True,0.7380952380952381,1.6916129032258065,True,True,1.3548387096774193,8,6,稳定拓展型三
45,4827,63563817,1841014603,14.14,7,13,0.6667,255.0,True,0.5384615384615384,2.02,True,True,1.8571428571428572,8,1,稳定拓展型
46,4868,63563817,1841014603,6.19,3,3,1.0,191.0,True,1.0,2.0633333333333335,True,True,1.0,8,7,低效长尾型二
47,5001,63563817,1841014603,0.0,0,0,,,False,,,False,False,,8,2,低效长尾型
48,5010,63563817,1841014603,0.0,0,0,,,False,,,False,False,,8,2,低效长尾型
49,5134,63563817,1841014603,68.89,48,115,0.6744,178.0,True,0.41739130434782606,1.4352083333333334,True,True,2.3958333333333335,8,1,稳定拓展型
50,5176,63563817,1841014603,0.0,0,0,,,False,,,False,False,,8,2,低效长尾型
51,5190,63563817,1841014603,0.0,0,0,,,False,,,False,False,,8,2,低效长尾型
52,5267,63563817,1841014603,3.36,2,4,0.5,133.0,True,0.5,1.68,True,True,2.0,8,1,稳定拓展型
53,5307,63563817,1841014603,88.18,34,40,0.6667,90.0,True,0.85,2.593529411764706,True,True,1.1764705882352942,8,0,高价值转化型
54,5310,63563817,1841014603,0.0,0,0,,,False,,,False,False,,8,2,低效长尾型
55,5330,63563817,1841014603,0.0,0,0,,,False,,,False,False,,8,2,低效长尾型
56,5353,63563817,1841014603,0.0,0,0,,,False,,,False,False,,8,2,低效长尾型
57,5374,63563817,1841014603,38.32,26,33,0.7895,153.0,True,0.7878787878787878,1.4738461538461538,True,True,1.2692307692307692,8,6,稳定拓展型三
58,5393,63563817,1841014603,0.0,0,0,,,False,,,False,False,,8,2,低效长尾型
59,5418,63563817,1841014603,16.8,10,27,0.8,104.0,True,0.37037037037037035,1.6800000000000002,True,True,2.7,8,1,稳定拓展型
60,5592,63563817,1841014603,7.11,4,3,1.0,7.0,True,1.3333333333333333,1.7775,True,True,0.75,8,7,低效长尾型二
61,5701,63563817,1841014603,0.0,0,0,,,False,,,False,False,,8,2,低效长尾型
62,5758,63563817,1841014603,0.0,0,0,,,False,,,False,False,,8,2,低效长尾型
63,5801,63563817,1841014603,0.5,1,2,0.0,32.0,True,0.5,0.5,True,True,2.0,8,5,潜力挖掘型
64,5812,63563817,1841014603,0.0,0,0,,,False,,,False,False,,8,2,低效长尾型
65,5849,63563817,1841014603,0.0,0,0,,,False,,,False,False,,8,2,低效长尾型
66,5973,63563817,1841014603,0.0,0,0,,,False,,,False,False,,8,2,低效长尾型
67,5976,63563817,1841014603,0.0,0,0,,,False,,,False,False,,8,2,低效长尾型
68,6082,63563817,1841014603,0.0,0,0,,,False,,,False,False,,8,2,低效长尾型
69,6083,63563817,1841014603,126.96,76,279,0.6053,197.0,True,0.2724014336917563,1.6705263157894736,True,True,3.6710526315789473,8,1,稳定拓展型
70,6086,63563817,1841014603,0.0,0,0,,,False,,,False,False,,8,2,低效长尾型
71,6149,63563817,1841014603,183.37,97,613,0.4804,397.0,True,0.15823817292006526,1.8904123711340206,True,True,6.319587628865979,8,1,稳定拓展型
72,6299,63563817,1841014603,0.0,0,0,,,False,,,False,False,,8,2,低效长尾型
73,6325,63563817,1841014603,18.15,9,13,0.75,41.0,True,0.6923076923076923,2.0166666666666666,True,True,1.4444444444444444,8,1,稳定拓展型
74,6352,63563817,1841014603,61.07,36,181,0.4286,404.0,True,0.19889502762430938,1.696388888888889,True,True,5.027777777777778,8,1,稳定拓展型
75,6364,63563817,1841014603,0.0,0,0,,,False,,,False,False,,8,2,低效长尾型
76,6414,63563817,1841014603,1.78,1,1,1.0,260.0,True,1.0,1.78,True,True,1.0,8,7,低效长尾型二
77,56,63563817,2526158329,0.0,0,0,,,False,,,False,False,,8,2,低效长尾型
78,480,63563817,2526158329,12.25,4,4,1.0,187.0,True,1.0,3.0625,True,True,1.0,8,7,低效长尾型二
79,770,63563817,2526158329,41.28,30,49,0.75,107.0,True,0.6122448979591837,1.3760000000000001,True,True,1.6333333333333333,8,6,稳定拓展型三
80,846,63563817,2526158329,0.0,0,0,,,False,,,False,False,,8,2,低效长尾型
81,934,63563817,2526158329,3.84,2,4,0.5,16.0,True,0.5,1.92,True,True,2.0,8,1,稳定拓展型
82,1262,63563817,2526158329,2.21,1,1,1.0,11.0,True,1.0,2.21,True,True,1.0,8,7,低效长尾型二
83,1277,63563817,2526158329,0.0,0,0,,,False,,,False,False,,8,2,低效长尾型
84,1385,63563817,2526158329,11.15,5,9,1.0,43.0,True,0.5555555555555556,2.23,True,True,1.8,8,7,低效长尾型二
85,2052,63563817,2526158329,0.0,0,0,,,False,,,False,False,,8,2,低效长尾型
86,2373,63563817,2526158329,0.0,0,0,,,False,,,False,False,,8,2,低效长尾型
87,2397,63563817,2526158329,8.06,6,24,0.75,293.0,True,0.25,1.3433333333333335,True,True,4.0,8,1,稳定拓展型
88,2514,63563817,2526158329,0.0,0,0,,,False,,,False,False,,8,2,低效长尾型
89,2942,63563817,2526158329,0.0,0,0,,,False,,,False,False,,8,2,低效长尾型
90,3286,63563817,2526158329,1.9,1,1,1.0,19.0,True,1.0,1.9,True,True,1.0,8,7,低效长尾型二
91,3791,63563817,2526158329,0.0,0,0,,,False,,,False,False,,8,2,低效长尾型
92,4113,63563817,2526158329,0.0,0,0,,,False,,,False,False,,8,2,低效长尾型
93,4348,63563817,2526158329,23.31,12,15,0.8333,25.0,True,0.8,1.9425,True,True,1.25,8,6,稳定拓展型三
94,4497,63563817,2526158329,15.14,10,30,0.963,30.0,True,0.3333333333333333,1.514,True,True,3.0,8,1,稳定拓展型
95,5236,63563817,2526158329,7.11,5,36,0.5,1272.0,True,0.1388888888888889,1.4220000000000002,True,True,7.2,8,1,稳定拓展型
96,5700,63563817,2526158329,3.63,2,1,1.0,3.0,True,2.0,1.815,True,True,0.5,8,7,低效长尾型二
97,5910,63563817,2526158329,0.0,0,0,,,False,,,False,False,,8,2,低效长尾型
98,5942,63563817,2526158329,0.0,0,0,,,False,,,False,False,,8,2,低效长尾型
99,6014,63563817,2526158329,0.0,0,0,,,False,,,False,False,,8,2,低效长尾型
100,6207,63563817,2526158329,2.68,2,3,0.0,19.0,True,0.6666666666666666,1.34,True,True,1.5,8,5,潜力挖掘型
101,6545,63563817,2526158329,14.84,6,37,0.5714,180.0,True,0.16216216216216217,2.473333333333333,True,True,6.166666666666667,8,1,稳定拓展型
102,6604,63563817,2526158329,1.8,1,2,0.0,9.0,True,0.5,1.8,True,True,2.0,8,5,潜力挖掘型
103,18,63563817,2874903000,0.0,0,0,,,False,,,False,False,,8,2,低效长尾型
104,19,63563817,2874903000,0.0,0,0,,,False,,,False,False,,8,2,低效长尾型
105,147,63563817,2874903000,41.96,37,51,0.9565,80.0,True,0.7254901960784313,1.134054054054054,True,True,1.3783783783783783,8,6,稳定拓展型三
106,193,63563817,2874903000,4.83,5,4,1.0,63.0,True,1.25,0.966,True,True,0.8,8,7,低效长尾型二
107,384,63563817,2874903000,25.16,17,21,0.8824,67.0,True,0.8095238095238095,1.48,True,True,1.2352941176470589,8,6,稳定拓展型三
108,405,63563817,2874903000,39.06,26,22,1.0,56.0,True,1.1818181818181819,1.5023076923076923,True,True,0.8461538461538461,8,7,低效长尾型二
109,431,63563817,2874903000,121.72,94,161,0.9146,114.0,True,0.5838509316770186,1.2948936170212766,True,True,1.7127659574468086,8,6,稳定拓展型三
110,504,63563817,2874903000,60.02,45,64,0.9667,60.0,True,0.703125,1.333777777777778,True,True,1.4222222222222223,8,6,稳定拓展型三
111,615,63563817,2874903000,0.0,0,0,,,False,,,False,False,,8,2,低效长尾型
112,648,63563817,2874903000,5.79,4,3,1.0,83.0,True,1.3333333333333333,1.4475,True,True,0.75,8,7,低效长尾型二
113,811,63563817,2874903000,20.17,13,13,0.9167,137.0,True,1.0,1.5515384615384618,True,True,1.0,8,6,稳定拓展型三
114,891,63563817,2874903000,0.0,0,0,,,False,,,False,False,,8,2,低效长尾型
115,1176,63563817,2874903000,0.0,0,0,,,False,,,False,False,,8,2,低效长尾型
116,1307,63563817,2874903000,0.81,1,0,0.0,,True,,0.81,False,True,0.0,8,5,潜力挖掘型
117,1461,63563817,2874903000,28.41,18,16,1.0,29.0,True,1.125,1.5783333333333334,True,True,0.8888888888888888,8,7,低效长尾型二
118,1490,63563817,2874903000,1.88,1,1,1.0,8.0,True,1.0,1.88,True,True,1.0,8,7,低效长尾型二
119,1541,63563817,2874903000,0.0,0,0,,,False,,,False,False,,8,2,低效长尾型
120,1552,63563817,2874903000,11.22,8,4,1.0,3.0,True,2.0,1.4025,True,True,0.5,8,7,低效长尾型二
121,1812,63563817,2874903000,7.32,4,3,1.0,3.0,True,1.3333333333333333,1.83,True,True,0.75,8,7,低效长尾型二
122,1849,63563817,2874903000,0.0,0,0,,,False,,,False,False,,8,2,低效长尾型
123,2038,63563817,2874903000,84.93,60,60,0.9057,128.0,True,1.0,1.4155000000000002,True,True,1.0,8,6,稳定拓展型三
124,2081,63563817,2874903000,0.0,0,0,,,False,,,False,False,,8,2,低效长尾型
125,2107,63563817,2874903000,60.53,43,37,0.9714,90.0,True,1.162162162162162,1.4076744186046513,True,True,0.8604651162790697,8,6,稳定拓展型三
126,2249,63563817,2874903000,4.33,3,3,1.0,46.0,True,1.0,1.4433333333333334,True,True,1.0,8,7,低效长尾型二
127,2270,63563817,2874903000,26.65,15,13,1.0,34.0,True,1.1538461538461537,1.7766666666666666,True,True,0.8666666666666667,8,7,低效长尾型二
128,2275,63563817,2874903000,264.04,180,181,0.9463,87.0,True,0.994475138121547,1.466888888888889,True,True,1.0055555555555555,8,6,稳定拓展型三
129,2499,63563817,2874903000,1.08,1,0,0.0,,True,,1.08,False,True,0.0,8,5,潜力挖掘型
130,2561,63563817,2874903000,402.98,281,248,0.9607,79.0,True,1.1330645161290323,1.4340925266903914,True,True,0.8825622775800712,8,6,稳定拓展型三
131,2574,63563817,2874903000,4.62,2,1,1.0,120.0,True,2.0,2.31,True,True,0.5,8,7,低效长尾型二
132,2596,63563817,2874903000,1.47,1,1,1.0,1.0,True,1.0,1.47,True,True,1.0,8,7,低效长尾型二
133,2669,63563817,2874903000,7.34,7,9,0.8571,23.0,True,0.7777777777777778,1.0485714285714285,True,True,1.2857142857142858,8,6,稳定拓展型三
134,2733,63563817,2874903000,9.83,7,7,1.0,88.0,True,1.0,1.4042857142857144,True,True,1.0,8,7,低效长尾型二
135,2774,63563817,2874903000,37.05,27,17,1.0,93.0,True,1.588235294117647,1.372222222222222,True,True,0.6296296296296297,8,7,低效长尾型二
136,2797,63563817,2874903000,5.41,4,3,1.0,4.0,True,1.3333333333333333,1.3525,True,True,0.75,8,7,低效长尾型二
137,2803,63563817,2874903000,8.18,7,7,1.0,23.0,True,1.0,1.1685714285714286,True,True,1.0,8,7,低效长尾型二
138,2863,63563817,2874903000,27.28,18,12,1.0,86.0,True,1.5,1.5155555555555555,True,True,0.6666666666666666,8,7,低效长尾型二
139,2938,63563817,2874903000,40.92,30,26,0.9091,72.0,True,1.1538461538461537,1.364,True,True,0.8666666666666667,8,6,稳定拓展型三
140,2959,63563817,2874903000,1.27,2,2,1.0,25.0,True,1.0,0.635,True,True,1.0,8,7,低效长尾型二
141,3163,63563817,2874903000,614.71,402,350,0.9824,44.0,True,1.1485714285714286,1.529129353233831,True,True,0.8706467661691543,8,6,稳定拓展型三
142,3422,63563817,2874903000,7.28,6,4,1.0,66.0,True,1.5,1.2133333333333334,True,True,0.6666666666666666,8,7,低效长尾型二
143,3465,63563817,2874903000,1.98,2,1,1.0,1.0,True,2.0,0.99,True,True,0.5,8,7,低效长尾型二
144,3540,63563817,2874903000,0.0,0,0,,,False,,,False,False,,8,2,低效长尾型
145,3801,63563817,2874903000,12.08,9,7,1.0,40.0,True,1.2857142857142858,1.3422222222222222,True,True,0.7777777777777778,8,7,低效长尾型二
146,3863,63563817,2874903000,28.12,18,15,1.0,39.0,True,1.2,1.5622222222222222,True,True,0.8333333333333334,8,7,低效长尾型二
147,3972,63563817,2874903000,18.12,14,15,0.9,70.0,True,0.9333333333333333,1.2942857142857143,True,True,1.0714285714285714,8,6,稳定拓展型三
148,4023,63563817,2874903000,29.05,12,19,0.9375,72.0,True,0.631578947368421,2.4208333333333334,True,True,1.5833333333333333,8,1,稳定拓展型
149,4166,63563817,2874903000,24.53,20,21,0.9444,41.0,True,0.9523809523809523,1.2265000000000001,True,True,1.05,8,6,稳定拓展型三
150,4345,63563817,2874903000,0.56,1,0,0.0,,True,,0.56,False,True,0.0,8,5,潜力挖掘型
151,4347,63563817,2874903000,0.0,0,0,,,False,,,False,False,,8,2,低效长尾型
152,4363,63563817,2874903000,0.15,1,1,1.0,15.0,True,1.0,0.15,True,True,1.0,8,7,低效长尾型二
153,4400,63563817,2874903000,14.68,9,4,1.0,4.0,True,2.25,1.6311111111111112,True,True,0.4444444444444444,8,7,低效长尾型二
154,4458,63563817,2874903000,14.62,7,5,1.0,237.0,True,1.4,2.0885714285714285,True,True,0.7142857142857143,8,7,低效长尾型二
155,4527,63563817,2874903000,103.53,68,96,0.9153,293.0,True,0.7083333333333334,1.5225,True,True,1.411764705882353,8,6,稳定拓展型三
156,4667,63563817,2874903000,8.06,19,37,0.7059,196.0,True,0.5135135135135135,0.4242105263157895,True,True,1.9473684210526316,8,1,稳定拓展型
157,4700,63563817,2874903000,59.83,35,44,0.9231,83.0,True,0.7954545454545454,1.7094285714285713,True,True,1.2571428571428571,8,6,稳定拓展型三
158,4738,63563817,2874903000,3.78,3,3,1.0,2.0,True,1.0,1.26,True,True,1.0,8,7,低效长尾型二
159,4798,63563817,2874903000,105.25,107,116,0.973,83.0,True,0.9224137931034483,0.9836448598130841,True,True,1.0841121495327102,8,6,稳定拓展型三
160,4805,63563817,2874903000,39.87,31,24,1.0,36.0,True,1.2916666666666667,1.2861290322580645,True,True,0.7741935483870968,8,7,低效长尾型二
161,4836,63563817,2874903000,2.94,3,2,1.0,61.0,True,1.5,0.98,True,True,0.6666666666666666,8,7,低效长尾型二
162,4837,63563817,2874903000,36.73,24,25,0.9583,79.0,True,0.96,1.5304166666666665,True,True,1.0416666666666667,8,6,稳定拓展型三
163,4857,63563817,2874903000,26.8,21,20,0.875,31.0,True,1.05,1.2761904761904763,True,True,0.9523809523809523,8,6,稳定拓展型三
164,4860,63563817,2874903000,46.03,41,111,0.5625,173.0,True,0.36936936936936937,1.1226829268292684,True,True,2.707317073170732,8,1,稳定拓展型
165,5241,63563817,2874903000,6.42,4,4,1.0,33.0,True,1.0,1.605,True,True,1.0,8,7,低效长尾型二
166,5351,63563817,2874903000,4.07,3,6,0.75,558.0,True,0.5,1.3566666666666667,True,True,2.0,8,6,稳定拓展型三
167,5532,63563817,2874903000,68.56,43,82,0.9574,119.0,True,0.524390243902439,1.5944186046511628,True,True,1.9069767441860466,8,1,稳定拓展型
168,5926,63563817,2874903000,31.28,19,18,0.9412,77.0,True,1.0555555555555556,1.6463157894736842,True,True,0.9473684210526315,8,6,稳定拓展型三
169,5995,63563817,2874903000,0.92,1,0,0.0,,True,,0.92,False,True,0.0,8,5,潜力挖掘型
170,6098,63563817,2874903000,0.0,0,0,,,False,,,False,False,,8,2,低效长尾型
171,6242,63563817,2874903000,4.45,4,3,1.0,43.0,True,1.3333333333333333,1.1125,True,True,0.75,8,7,低效长尾型二
172,6282,63563817,2874903000,162.07,119,149,0.947,76.0,True,0.7986577181208053,1.3619327731092437,True,True,1.2521008403361344,8,6,稳定拓展型三
173,6623,63563817,2874903000,0.0,0,0,,,False,,,False,False,,8,2,低效长尾型
174,6633,63563817,2874903000,15.18,12,7,1.0,142.0,True,1.7142857142857142,1.265,True,True,0.5833333333333334,8,7,低效长尾型二
175,9,63563817,4190988309,34.07,14,71,0.7143,390.0,True,0.19718309859154928,2.4335714285714287,True,True,5.071428571428571,8,1,稳定拓展型
176,152,63563817,4190988309,0.0,0,0,,,False,,,False,False,,8,2,低效长尾型
177,770,63563817,4190988309,0.0,0,0,,,False,,,False,False,,8,2,低效长尾型
178,886,63563817,4190988309,0.0,0,0,,,False,,,False,False,,8,2,低效长尾型
179,1098,63563817,4190988309,0.0,0,0,,,False,,,False,False,,8,2,低效长尾型
180,1203,63563817,4190988309,0.0,0,0,,,False,,,False,False,,8,2,低效长尾型
181,1277,63563817,4190988309,0.0,0,0,,,False,,,False,False,,8,2,低效长尾型
182,1651,63563817,4190988309,0.0,0,0,,,False,,,False,False,,8,2,低效长尾型
183,1942,63563817,4190988309,0.0,0,0,,,False,,,False,False,,8,2,低效长尾型
184,2050,63563817,4190988309,0.0,0,0,,,False,,,False,False,,8,2,低效长尾型
185,2373,63563817,4190988309,0.0,0,0,,,False,,,False,False,,8,2,低效长尾型
186,2397,63563817,4190988309,2.26,2,36,0.5,1490.0,True,0.05555555555555555,1.13,True,True,18.0,8,1,稳定拓展型
187,2478,63563817,4190988309,101.65,54,148,0.74,136.0,True,0.36486486486486486,1.8824074074074075,True,True,2.740740740740741,8,1,稳定拓展型
188,2706,63563817,4190988309,0.48,2,0,0.0,,True,,0.24,False,True,0.0,8,5,潜力挖掘型
189,2725,63563817,4190988309,0.0,0,0,,,False,,,False,False,,8,2,低效长尾型
190,2789,63563817,4190988309,0.0,0,0,,,False,,,False,False,,8,2,低效长尾型
191,2941,63563817,4190988309,38.41,28,269,0.4138,643.0,True,0.10408921933085502,1.3717857142857142,True,True,9.607142857142858,8,1,稳定拓展型
192,2977,63563817,4190988309,0.0,0,0,,,False,,,False,False,,8,2,低效长尾型
193,3084,63563817,4190988309,0.0,0,0,,,False,,,False,False,,8,2,低效长尾型
194,3485,63563817,4190988309,0.0,0,0,,,False,,,False,False,,8,2,低效长尾型
195,3617,63563817,4190988309,1.68,1,1,1.0,120.0,True,1.0,1.68,True,True,1.0,8,7,低效长尾型二
196,3840,63563817,4190988309,0.0,0,0,,,False,,,False,False,,8,2,低效长尾型
197,4017,63563817,4190988309,18.21,10,21,0.6364,315.0,True,0.47619047619047616,1.8210000000000002,True,True,2.1,8,1,稳定拓展型
198,4097,63563817,4190988309,37.12,19,418,0.6316,449.0,True,0.045454545454545456,1.9536842105263157,True,True,22.0,8,1,稳定拓展型
199,4101,63563817,4190988309,33.58,27,56,0.6538,97.0,True,0.48214285714285715,1.2437037037037035,True,True,2.074074074074074,8,1,稳定拓展型
200,4134,63563817,4190988309,0.0,0,0,,,False,,,False,False,,8,2,低效长尾型
201,4135,63563817,4190988309,1.57,1,1,1.0,,True,1.0,1.57,True,True,1.0,8,7,低效长尾型二
202,4177,63563817,4190988309,2053.55,1402,10918,0.4145,483.0,True,0.12841179703242353,1.4647289586305279,True,True,7.787446504992867,8,0,高价值转化型
203,4195,63563817,4190988309,25.1,10,11,1.0,57.0,True,0.9090909090909091,2.5100000000000002,True,True,1.1,8,7,低效长尾型二
204,4905,63563817,4190988309,0.0,0,0,,,False,,,False,False,,8,2,低效长尾型
205,5257,63563817,4190988309,12.66,10,11,1.0,55.0,True,0.9090909090909091,1.266,True,True,1.1,8,7,低效长尾型二
206,5268,63563817,4190988309,0.0,0,0,,,False,,,False,False,,8,2,低效长尾型
207,5367,63563817,4190988309,0.0,0,0,,,False,,,False,False,,8,2,低效长尾型
208,5374,63563817,4190988309,73.72,28,44,0.75,75.0,True,0.6363636363636364,2.632857142857143,True,True,1.5714285714285714,8,0,高价值转化型
209,5465,63563817,4190988309,0.0,0,0,,,False,,,False,False,,8,2,低效长尾型
210,5649,63563817,4190988309,9.69,6,26,0.8,466.0,True,0.23076923076923078,1.615,True,True,4.333333333333333,8,1,稳定拓展型
211,5699,63563817,4190988309,0.0,0,0,,,False,,,False,False,,8,2,低效长尾型
212,5801,63563817,4190988309,0.0,0,0,,,False,,,False,False,,8,2,低效长尾型
213,5900,63563817,4190988309,0.0,0,0,,,False,,,False,False,,8,2,低效长尾型
214,5910,63563817,4190988309,0.0,0,0,,,False,,,False,False,,8,2,低效长尾型
215,6051,63563817,4190988309,0.0,0,0,,,False,,,False,False,,8,2,低效长尾型
216,6082,63563817,4190988309,1.85,1,1,1.0,12.0,True,1.0,1.85,True,True,1.0,8,7,低效长尾型二
217,6083,63563817,4190988309,22.89,16,84,0.4375,371.0,True,0.19047619047619047,1.430625,True,True,5.25,8,1,稳定拓展型
218,6207,63563817,4190988309,0.0,0,0,,,False,,,False,False,,8,2,低效长尾型
219,6224,63563817,4190988309,3.44,2,2,1.0,11.0,True,1.0,1.72,True,True,1.0,8,7,低效长尾型二
220,6245,63563817,4190988309,6.07,2,61,0.0,1360.0,True,0.03278688524590164,3.035,True,True,30.5,8,5,潜力挖掘型
221,6602,63563817,4190988309,0.0,0,0,,,False,,,False,False,,8,2,低效长尾型
222,88,63563817,4190988310,0.0,0,0,,,False,,,False,False,,8,2,低效长尾型
223,167,63563817,4190988310,0.0,0,0,,,False,,,False,False,,8,2,低效长尾型
224,228,63563817,4190988310,4.64,4,3,1.0,62.0,True,1.3333333333333333,1.16,True,True,0.75,8,7,低效长尾型二
225,266,63563817,4190988310,0.0,0,0,,,False,,,False,False,,8,2,低效长尾型
226,467,63563817,4190988310,0.0,0,0,,,False,,,False,False,,8,2,低效长尾型
227,867,63563817,4190988310,0.0,0,0,,,False,,,False,False,,8,2,低效长尾型
228,925,63563817,4190988310,109.28,74,122,0.9231,44.0,True,0.6065573770491803,1.4767567567567568,True,True,1.6486486486486487,8,6,稳定拓展型三
229,990,63563817,4190988310,12.69,8,28,0.7143,415.0,True,0.2857142857142857,1.58625,True,True,3.5,8,1,稳定拓展型
230,1108,63563817,4190988310,1.73,1,1,1.0,25.0,True,1.0,1.73,True,True,1.0,8,7,低效长尾型二
231,1186,63563817,4190988310,55.07,39,57,0.8974,146.0,True,0.6842105263157895,1.412051282051282,True,True,1.4615384615384615,8,6,稳定拓展型三
232,1362,63563817,4190988310,0.0,0,0,,,False,,,False,False,,8,2,低效长尾型
233,1517,63563817,4190988310,9.07,7,7,0.8333,11.0,True,1.0,1.2957142857142858,True,True,1.0,8,6,稳定拓展型三
234,1554,63563817,4190988310,0.0,0,0,,,False,,,False,False,,8,2,低效长尾型
235,1567,63563817,4190988310,367.4,238,812,0.6996,208.0,True,0.29310344827586204,1.5436974789915965,True,True,3.411764705882353,8,1,稳定拓展型
236,1583,63563817,4190988310,0.48,1,1,1.0,120.0,True,1.0,0.48,True,True,1.0,8,7,低效长尾型二
237,1667,63563817,4190988310,93.58,53,120,0.8824,101.0,True,0.44166666666666665,1.7656603773584905,True,True,2.2641509433962264,8,1,稳定拓展型
238,1714,63563817,4190988310,0.0,0,0,,,False,,,False,False,,8,2,低效长尾型
239,1808,63563817,4190988310,0.0,0,0,,,False,,,False,False,,8,2,低效长尾型
240,1907,63563817,4190988310,0.0,0,0,,,False,,,False,False,,8,2,低效长尾型
241,2123,63563817,4190988310,72.85,47,122,0.75,249.0,True,0.38524590163934425,1.5499999999999998,True,True,2.595744680851064,8,1,稳定拓展型
242,2145,63563817,4190988310,0.0,0,0,,,False,,,False,False,,8,2,低效长尾型
243,2158,63563817,4190988310,0.0,0,0,,,False,,,False,False,,8,2,低效长尾型
244,2190,63563817,4190988310,0.0,0,0,,,False,,,False,False,,8,2,低效长尾型
245,2212,63563817,4190988310,3.45,2,2,1.0,61.0,True,1.0,1.725,True,True,1.0,8,7,低效长尾型二
246,2294,63563817,4190988310,6.61,4,4,1.0,15.0,True,1.0,1.6525,True,True,1.0,8,7,低效长尾型二
247,2384,63563817,4190988310,0.0,0,0,,,False,,,False,False,,8,2,低效长尾型
248,2397,63563817,4190988310,0.0,0,0,,,False,,,False,False,,8,2,低效长尾型
249,2505,63563817,4190988310,13.67,8,17,0.875,85.0,True,0.47058823529411764,1.70875,True,True,2.125,8,1,稳定拓展型
250,2570,63563817,4190988310,0.0,0,0,,,False,,,False,False,,8,2,低效长尾型
251,2789,63563817,4190988310,0.0,0,0,,,False,,,False,False,,8,2,低效长尾型
252,2889,63563817,4190988310,14.0,8,6,1.0,20.0,True,1.3333333333333333,1.75,True,True,0.75,8,7,低效长尾型二
253,2892,63563817,4190988310,148.25,104,175,0.82,140.0,True,0.5942857142857143,1.4254807692307692,True,True,1.6826923076923077,8,6,稳定拓展型三
254,2980,63563817,4190988310,1.88,1,1,1.0,1.0,True,1.0,1.88,True,True,1.0,8,7,低效长尾型二
255,2985,63563817,4190988310,1810.51,1217,1985,0.8828,84.0,True,0.6130982367758187,1.487682826622843,True,True,1.6310599835661463,8,6,稳定拓展型三
256,3106,63563817,4190988310,18.29,11,18,0.7273,78.0,True,0.6111111111111112,1.6627272727272726,True,True,1.6363636363636365,8,6,稳定拓展型三
257,3169,63563817,4190988310,1047.53,674,977,0.8812,64.0,True,0.6898669396110543,1.5541988130563797,True,True,1.4495548961424332,8,6,稳定拓展型三
258,3180,63563817,4190988310,3.89,3,14,0.6667,676.0,True,0.21428571428571427,1.2966666666666666,True,True,4.666666666666667,8,1,稳定拓展型
259,3304,63563817,4190988310,17.28,11,26,0.8182,84.0,True,0.4230769230769231,1.570909090909091,True,True,2.3636363636363638,8,1,稳定拓展型
260,3328,63563817,4190988310,0.0,0,0,,,False,,,False,False,,8,2,低效长尾型
261,3501,63563817,4190988310,1.01,1,0,0.0,,True,,1.01,False,True,0.0,8,5,潜力挖掘型
262,3732,63563817,4190988310,62.1,44,44,0.9,22.0,True,1.0,1.4113636363636364,True,True,1.0,8,6,稳定拓展型三
263,3818,63563817,4190988310,5.74,2,9,0.0,54.0,True,0.2222222222222222,2.87,True,True,4.5,8,5,潜力挖掘型
264,4043,63563817,4190988310,0.0,0,0,,,False,,,False,False,,8,2,低效长尾型
265,4048,63563817,4190988310,9.39,8,49,0.5,563.0,True,0.16326530612244897,1.17375,True,True,6.125,8,1,稳定拓展型
266,4126,63563817,4190988310,8.95,4,4,1.0,46.0,True,1.0,2.2375,True,True,1.0,8,7,低效长尾型二
267,4155,63563817,4190988310,5.39,4,6,0.6667,30.0,True,0.6666666666666666,1.3475,True,True,1.5,8,6,稳定拓展型三
268,4403,63563817,4190988310,25.77,19,160,0.4444,413.0,True,0.11875,1.3563157894736841,True,True,8.421052631578947,8,1,稳定拓展型
269,4675,63563817,4190988310,22.54,16,61,0.7059,172.0,True,0.26229508196721313,1.40875,True,True,3.8125,8,1,稳定拓展型
270,4713,63563817,4190988310,4.68,1,7,0.0,278.0,True,0.14285714285714285,4.68,True,True,7.0,8,5,潜力挖掘型
271,4773,63563817,4190988310,205.93,107,171,0.9248,58.0,True,0.6257309941520468,1.9245794392523365,True,True,1.5981308411214954,8,1,稳定拓展型
272,4791,63563817,4190988310,24.87,13,116,0.3846,617.0,True,0.11206896551724138,1.9130769230769231,True,True,8.923076923076923,8,1,稳定拓展型
273,4827,63563817,4190988310,96.36,61,207,0.7097,256.0,True,0.2946859903381642,1.579672131147541,True,True,3.3934426229508197,8,1,稳定拓展型
274,4868,63563817,4190988310,0.0,0,0,,,False,,,False,False,,8,2,低效长尾型
275,5010,63563817,4190988310,63.52,44,78,0.8444,114.0,True,0.5641025641025641,1.4436363636363636,True,True,1.7727272727272727,8,6,稳定拓展型三
276,5134,63563817,4190988310,168.35,129,782,0.6371,296.0,True,0.1649616368286445,1.3050387596899224,True,True,6.062015503875969,8,1,稳定拓展型
277,5267,63563817,4190988310,110.96,83,183,0.8214,167.0,True,0.453551912568306,1.336867469879518,True,True,2.2048192771084336,8,1,稳定拓展型
278,5330,63563817,4190988310,121.6,77,649,0.4861,767.0,True,0.11864406779661017,1.579220779220779,True,True,8.428571428571429,8,1,稳定拓展型
279,5393,63563817,4190988310,0.0,0,0,,,False,,,False,False,,8,2,低效长尾型
280,5418,63563817,4190988310,15.18,8,64,0.375,699.0,True,0.125,1.8975,True,True,8.0,8,1,稳定拓展型
281,5592,63563817,4190988310,28.18,17,18,0.9375,34.0,True,0.9444444444444444,1.6576470588235295,True,True,1.0588235294117647,8,6,稳定拓展型三
282,5701,63563817,4190988310,25.42,17,18,0.7857,191.0,True,0.9444444444444444,1.4952941176470589,True,True,1.0588235294117647,8,6,稳定拓展型三
283,5801,63563817,4190988310,0.0,0,0,,,False,,,False,False,,8,2,低效长尾型
284,5812,63563817,4190988310,5.56,4,6,0.75,192.0,True,0.6666666666666666,1.39,True,True,1.5,8,6,稳定拓展型三
285,5840,63563817,4190988310,3.66,2,2,1.0,16.0,True,1.0,1.83,True,True,1.0,8,7,低效长尾型二
286,5849,63563817,4190988310,0.0,0,0,,,False,,,False,False,,8,2,低效长尾型
287,5973,63563817,4190988310,0.0,0,0,,,False,,,False,False,,8,2,低效长尾型
288,6054,63563817,4190988310,0.0,0,0,,,False,,,False,False,,8,2,低效长尾型
289,6082,63563817,4190988310,0.0,0,0,,,False,,,False,False,,8,2,低效长尾型
290,6299,63563817,4190988310,0.0,0,0,,,False,,,False,False,,8,2,低效长尾型
291,6325,63563817,4190988310,83.51,64,118,0.9153,94.0,True,0.5423728813559322,1.30484375,True,True,1.84375,8,6,稳定拓展型三
292,6352,63563817,4190988310,70.17,42,269,0.375,387.0,True,0.15613382899628253,1.6707142857142858,True,True,6.404761904761905,8,1,稳定拓展型
293,6364,63563817,4190988310,0.9,1,1,1.0,7.0,True,1.0,0.9,True,True,1.0,8,7,低效长尾型二
294,6604,63563817,4190988310,0.0,0,0,,,False,,,False,False,,8,2,低效长尾型
295,1048,495403620,8878077181,1263.59,2840,29775,0.082,670.0,True,0.09538203190596138,0.4449260563380281,True,True,10.484154929577464,8,0,高价值转化型
296,1607,495403620,8878077181,1149.42,805,8194,0.0958,710.0,True,0.09824261654869416,1.4278509316770187,True,True,10.17888198757764,8,0,高价值转化型
297,3989,495403620,8878077181,75197.1,124758,1230619,0.0814,631.0,True,0.10137824948257747,0.6027437118260953,True,True,9.864048798473846,8,0,高价值转化型
298,5778,495403620,8878077181,46615.59,40349,425786,0.0839,653.0,True,0.09476356667433876,1.1553096731021835,True,True,10.552578750402736,8,0,高价值转化型
299,2,495403620,9628223555,14.89,12,9,0.8333,86.0,True,1.3333333333333333,1.2408333333333335,True,True,0.75,8,6,稳定拓展型三
300,6,495403620,9628223555,4.69,3,2,1.0,72.0,True,1.5,1.5633333333333335,True,True,0.6666666666666666,8,7,低效长尾型二
301,14,495403620,9628223555,1.48,2,1,1.0,1.0,True,2.0,0.74,True,True,0.5,8,7,低效长尾型二
302,31,495403620,9628223555,0.83,1,0,0.0,,True,,0.83,False,True,0.0,8,5,潜力挖掘型
303,33,495403620,9628223555,20.07,21,20,0.9375,40.0,True,1.05,0.9557142857142857,True,True,0.9523809523809523,8,6,稳定拓展型三
304,55,495403620,9628223555,0.9,1,1,1.0,120.0,True,1.0,0.9,True,True,1.0,8,7,低效长尾型二
305,57,495403620,9628223555,5.02,6,2,1.0,2.0,True,3.0,0.8366666666666666,True,True,0.3333333333333333,8,7,低效长尾型二
306,62,495403620,9628223555,5.88,7,10,0.8333,372.0,True,0.7,0.84,True,True,1.4285714285714286,8,6,稳定拓展型三
307,104,495403620,9628223555,210.57,164,201,0.8636,64.0,True,0.8159203980099502,1.2839634146341463,True,True,1.225609756097561,8,6,稳定拓展型三
308,149,495403620,9628223555,1.23,1,1,1.0,120.0,True,1.0,1.23,True,True,1.0,8,7,低效长尾型二
309,151,495403620,9628223555,48.47,39,46,0.875,73.0,True,0.8478260869565217,1.2428205128205128,True,True,1.1794871794871795,8,6,稳定拓展型三
310,154,495403620,9628223555,50.67,71,55,0.9615,94.0,True,1.290909090909091,0.7136619718309859,True,True,0.7746478873239436,8,6,稳定拓展型三
311,155,495403620,9628223555,0.0,0,0,,,False,,,False,False,,8,2,低效长尾型
312,164,495403620,9628223555,0.0,0,0,,,False,,,False,False,,8,2,低效长尾型
313,175,495403620,9628223555,6.73,4,2,1.0,10.0,True,2.0,1.6825,True,True,0.5,8,7,低效长尾型二
314,190,495403620,9628223555,4.14,3,2,1.0,21.0,True,1.5,1.38,True,True,0.6666666666666666,8,7,低效长尾型二
315,217,495403620,9628223555,27.42,13,10,0.8333,73.0,True,1.3,2.1092307692307695,True,True,0.7692307692307693,8,0,高价值转化型
316,235,495403620,9628223555,46.26,36,60,0.7667,161.0,True,0.6,1.285,True,True,1.6666666666666667,8,6,稳定拓展型三
317,255,495403620,9628223555,30.98,17,33,0.8571,42.0,True,0.5151515151515151,1.8223529411764705,True,True,1.9411764705882353,8,1,稳定拓展型
318,267,495403620,9628223555,0.0,0,0,,,False,,,False,False,,8,2,低效长尾型
319,270,495403620,9628223555,0.0,0,0,,,False,,,False,False,,8,2,低效长尾型
320,282,495403620,9628223555,0.0,0,0,,,False,,,False,False,,8,2,低效长尾型
321,303,495403620,9628223555,0.0,0,0,,,False,,,False,False,,8,2,低效长尾型
322,306,495403620,9628223555,0.65,2,2,0.0,40.0,True,1.0,0.325,True,True,1.0,8,5,潜力挖掘型
323,338,495403620,9628223555,19.59,13,13,0.9,49.0,True,1.0,1.5069230769230768,True,True,1.0,8,6,稳定拓展型三
324,391,495403620,9628223555,0.0,0,0,,,False,,,False,False,,8,2,低效长尾型
325,400,495403620,9628223555,79.42,60,80,0.9057,76.0,True,0.75,1.3236666666666668,True,True,1.3333333333333333,8,6,稳定拓展型三
326,427,495403620,9628223555,14.62,9,7,1.0,3.0,True,1.2857142857142858,1.6244444444444444,True,True,0.7777777777777778,8,7,低效长尾型二
327,432,495403620,9628223555,0.0,0,0,,,False,,,False,False,,8,2,低效长尾型
328,433,495403620,9628223555,0.0,0,0,,,False,,,False,False,,8,2,低效长尾型
329,438,495403620,9628223555,10.63,35,8,0.8571,133.0,True,4.375,0.3037142857142857,True,True,0.22857142857142856,8,4,稳定拓展型二
330,444,495403620,9628223555,11427.64,6746,61262,0.1014,598.0,True,0.11011720152786393,1.6939875481766973,True,True,9.081233323450935,8,0,高价值转化型
331,457,495403620,9628223555,0.0,0,0,,,False,,,False,False,,8,2,低效长尾型
332,469,495403620,9628223555,0.0,0,0,,,False,,,False,False,,8,2,低效长尾型
333,510,495403620,9628223555,0.0,0,0,,,False,,,False,False,,8,2,低效长尾型
334,523,495403620,9628223555,9.83,10,24,0.75,298.0,True,0.4166666666666667,0.983,True,True,2.4,8,1,稳定拓展型
335,524,495403620,9628223555,8.95,6,14,0.8,176.0,True,0.42857142857142855,1.4916666666666665,True,True,2.3333333333333335,8,1,稳定拓展型
336,528,495403620,9628223555,1.27,1,0,0.0,,True,,1.27,False,True,0.0,8,5,潜力挖掘型
337,546,495403620,9628223555,0.0,0,0,,,False,,,False,False,,8,2,低效长尾型
338,552,495403620,9628223555,0.94,1,1,1.0,1.0,True,1.0,0.94,True,True,1.0,8,7,低效长尾型二
339,570,495403620,9628223555,4.51,4,2,1.0,62.0,True,2.0,1.1275,True,True,0.5,8,7,低效长尾型二
340,608,495403620,9628223555,0.0,0,0,,,False,,,False,False,,8,2,低效长尾型
341,609,495403620,9628223555,0.0,0,0,,,False,,,False,False,,8,2,低效长尾型
342,646,495403620,9628223555,4.58,6,4,1.0,96.0,True,1.5,0.7633333333333333,True,True,0.6666666666666666,8,7,低效长尾型二
343,652,495403620,9628223555,2.01,4,7,0.5,63.0,True,0.5714285714285714,0.5025,True,True,1.75,8,6,稳定拓展型三
344,665,495403620,9628223555,893.04,602,734,0.7539,174.0,True,0.8201634877384196,1.483455149501661,True,True,1.2192691029900333,8,6,稳定拓展型三
345,700,495403620,9628223555,111.9,117,191,0.6778,186.0,True,0.612565445026178,0.9564102564102565,True,True,1.6324786324786325,8,6,稳定拓展型三
346,703,495403620,9628223555,1.38,1,1,1.0,6.0,True,1.0,1.38,True,True,1.0,8,7,低效长尾型二
347,711,495403620,9628223555,0.81,1,0,0.0,,True,,0.81,False,True,0.0,8,5,潜力挖掘型
348,734,495403620,9628223555,1.77,1,1,1.0,44.0,True,1.0,1.77,True,True,1.0,8,7,低效长尾型二
349,751,495403620,9628223555,0.0,0,0,,,False,,,False,False,,8,2,低效长尾型
350,752,495403620,9628223555,0.0,0,0,,,False,,,False,False,,8,2,低效长尾型
351,755,495403620,9628223555,5.73,7,13,0.8333,235.0,True,0.5384615384615384,0.8185714285714286,True,True,1.8571428571428572,8,6,稳定拓展型三
352,763,495403620,9628223555,0.0,0,0,,,False,,,False,False,,8,2,低效长尾型
353,856,495403620,9628223555,0.0,0,0,,,False,,,False,False,,8,2,低效长尾型
354,859,495403620,9628223555,32.11,16,41,0.6364,626.0,True,0.3902439024390244,2.006875,True,True,2.5625,8,1,稳定拓展型
355,874,495403620,9628223555,0.0,0,0,,,False,,,False,False,,8,2,低效长尾型
356,875,495403620,9628223555,1047.58,1054,1220,0.8092,149.0,True,0.8639344262295082,0.993908918406072,True,True,1.157495256166983,8,6,稳定拓展型三
357,904,495403620,9628223555,0.0,0,0,,,False,,,False,False,,8,2,低效长尾型
358,909,495403620,9628223555,5.4,2,0,0.0,,True,,2.7,False,True,0.0,8,5,潜力挖掘型
359,958,495403620,9628223555,0.37,1,1,1.0,12.0,True,1.0,0.37,True,True,1.0,8,7,低效长尾型二
360,982,495403620,9628223555,9.1,11,14,0.9,20.0,True,0.7857142857142857,0.8272727272727273,True,True,1.2727272727272727,8,6,稳定拓展型三
361,1018,495403620,9628223555,102.67,67,256,0.5556,376.0,True,0.26171875,1.5323880597014925,True,True,3.8208955223880596,8,1,稳定拓展型
362,1040,495403620,9628223555,5.45,6,29,0.5,261.0,True,0.20689655172413793,0.9083333333333333,True,True,4.833333333333333,8,1,稳定拓展型
363,1049,495403620,9628223555,1.61,1,1,1.0,2.0,True,1.0,1.61,True,True,1.0,8,7,低效长尾型二
364,1092,495403620,9628223555,24.51,26,46,0.875,329.0,True,0.5652173913043478,0.9426923076923077,True,True,1.7692307692307692,8,6,稳定拓展型三
365,1094,495403620,9628223555,2.51,3,3,1.0,177.0,True,1.0,0.8366666666666666,True,True,1.0,8,7,低效长尾型二
366,1164,495403620,9628223555,18.53,13,78,0.4615,206.0,True,0.16666666666666666,1.4253846153846155,True,True,6.0,8,1,稳定拓展型
367,1178,495403620,9628223555,0.0,0,0,,,False,,,False,False,,8,2,低效长尾型
368,1235,495403620,9628223555,0.0,0,0,,,False,,,False,False,,8,2,低效长尾型
369,1241,495403620,9628223555,3.09,4,10,0.75,462.0,True,0.4,0.7725,True,True,2.5,8,1,稳定拓展型
370,1249,495403620,9628223555,0.0,0,0,,,False,,,False,False,,8,2,低效长尾型
371,1257,495403620,9628223555,212.08,164,241,0.5614,344.0,True,0.6804979253112033,1.2931707317073171,True,True,1.4695121951219512,8,6,稳定拓展型三
372,1265,495403620,9628223555,0.0,0,0,,,False,,,False,False,,8,2,低效长尾型
373,1268,495403620,9628223555,9.13,12,7,1.0,5.0,True,1.7142857142857142,0.7608333333333334,True,True,0.5833333333333334,8,7,低效长尾型二
374,1270,495403620,9628223555,3.53,4,1,1.0,3.0,True,4.0,0.8825,True,True,0.25,8,4,稳定拓展型二
375,1285,495403620,9628223555,2.38,1,1,1.0,2.0,True,1.0,2.38,True,True,1.0,8,7,低效长尾型二
376,1310,495403620,9628223555,0.0,0,0,,,False,,,False,False,,8,2,低效长尾型
377,1314,495403620,9628223555,23.63,16,24,0.8462,148.0,True,0.6666666666666666,1.476875,True,True,1.5,8,6,稳定拓展型三
378,1316,495403620,9628223555,45.15,213,54,1.0,112.0,True,3.9444444444444446,0.2119718309859155,True,True,0.2535211267605634,8,4,稳定拓展型二
379,1318,495403620,9628223555,1364.38,1278,1396,0.8394,130.0,True,0.9154727793696275,1.0675899843505479,True,True,1.0923317683881064,8,6,稳定拓展型三
380,1327,495403620,9628223555,1.34,1,1,1.0,6.0,True,1.0,1.34,True,True,1.0,8,7,低效长尾型二
381,1332,495403620,9628223555,7.5,5,6,0.6667,175.0,True,0.8333333333333334,1.5,True,True,1.2,8,6,稳定拓展型三
382,1339,495403620,9628223555,1.29,1,1,1.0,11.0,True,1.0,1.29,True,True,1.0,8,7,低效长尾型二
383,1354,495403620,9628223555,0.0,0,0,,,False,,,False,False,,8,2,低效长尾型
384,1373,495403620,9628223555,0.49,1,1,1.0,15.0,True,1.0,0.49,True,True,1.0,8,7,低效长尾型二
385,1439,495403620,9628223555,5.2,9,3,0.5,99.0,True,3.0,0.5777777777777778,True,True,0.3333333333333333,8,4,稳定拓展型二
386,1447,495403620,9628223555,0.0,0,0,,,False,,,False,False,,8,2,低效长尾型
387,1465,495403620,9628223555,0.97,1,6,0.0,214.0,True,0.16666666666666666,0.97,True,True,6.0,8,5,潜力挖掘型
388,1475,495403620,9628223555,0.64,1,1,1.0,120.0,True,1.0,0.64,True,True,1.0,8,7,低效长尾型二
389,1506,495403620,9628223555,0.0,0,0,,,False,,,False,False,,8,2,低效长尾型
390,1513,495403620,9628223555,33.69,23,25,0.9474,59.0,True,0.92,1.4647826086956521,True,True,1.0869565217391304,8,6,稳定拓展型三
391,1531,495403620,9628223555,3.87,9,16,0.5714,63.0,True,0.5625,0.43,True,True,1.7777777777777777,8,1,稳定拓展型
392,1575,495403620,9628223555,0.0,0,0,,,False,,,False,False,,8,2,低效长尾型
393,1621,495403620,9628223555,0.0,0,0,,,False,,,False,False,,8,2,低效长尾型
394,1647,495403620,9628223555,1.1,1,0,0.0,,True,,1.1,False,True,0.0,8,5,潜力挖掘型
395,1655,495403620,9628223555,968.54,714,783,0.8632,105.0,True,0.9118773946360154,1.3564985994397758,True,True,1.096638655462185,8,6,稳定拓展型三
396,1660,495403620,9628223555,0.0,0,0,,,False,,,False,False,,8,2,低效长尾型
397,1666,495403620,9628223555,16.26,12,31,0.5,160.0,True,0.3870967741935484,1.3550000000000002,True,True,2.5833333333333335,8,1,稳定拓展型
398,1676,495403620,9628223555,270.03,159,450,0.75,199.0,True,0.35333333333333333,1.6983018867924526,True,True,2.830188679245283,8,1,稳定拓展型
399,1683,495403620,9628223555,0.0,0,0,,,False,,,False,False,,8,2,低效长尾型
400,1715,495403620,9628223555,0.0,0,0,,,False,,,False,False,,8,2,低效长尾型
401,1719,495403620,9628223555,5.28,6,5,1.0,79.0,True,1.2,0.88,True,True,0.8333333333333334,8,7,低效长尾型二
402,1735,495403620,9628223555,62.35,65,76,0.8718,170.0,True,0.8552631578947368,0.9592307692307692,True,True,1.1692307692307693,8,6,稳定拓展型三
403,1752,495403620,9628223555,4.32,2,9,0.5,291.0,True,0.2222222222222222,2.16,True,True,4.5,8,1,稳定拓展型
404,1757,495403620,9628223555,0.0,0,0,,,False,,,False,False,,8,2,低效长尾型
405,1764,495403620,9628223555,12.51,20,178,0.2727,582.0,True,0.11235955056179775,0.6255,True,True,8.9,8,1,稳定拓展型
406,1777,495403620,9628223555,0.0,0,0,,,False,,,False,False,,8,2,低效长尾型
407,1802,495403620,9628223555,217.36,110,329,0.5875,326.0,True,0.3343465045592705,1.9760000000000002,True,True,2.9909090909090907,8,1,稳定拓展型
408,1846,495403620,9628223555,0.0,0,0,,,False,,,False,False,,8,2,低效长尾型
409,1921,495403620,9628223555,1.63,1,1,1.0,22.0,True,1.0,1.63,True,True,1.0,8,7,低效长尾型二
410,1978,495403620,9628223555,0.0,0,0,,,False,,,False,False,,8,2,低效长尾型
411,2004,495403620,9628223555,0.0,0,0,,,False,,,False,False,,8,2,低效长尾型
412,2006,495403620,9628223555,4.41,2,2,1.0,63.0,True,1.0,2.205,True,True,1.0,8,7,低效长尾型二
413,2021,495403620,9628223555,0.0,0,0,,,False,,,False,False,,8,2,低效长尾型
414,2043,495403620,9628223555,1.63,2,0,0.0,,True,,0.815,False,True,0.0,8,5,潜力挖掘型
415,2072,495403620,9628223555,0.0,0,0,,,False,,,False,False,,8,2,低效长尾型
416,2079,495403620,9628223555,0.0,0,0,,,False,,,False,False,,8,2,低效长尾型
417,2084,495403620,9628223555,0.0,0,0,,,False,,,False,False,,8,2,低效长尾型
418,2093,495403620,9628223555,2.33,2,2,1.0,6.0,True,1.0,1.165,True,True,1.0,8,7,低效长尾型二
419,2111,495403620,9628223555,0.0,0,0,,,False,,,False,False,,8,2,低效长尾型
420,2113,495403620,9628223555,32.61,32,38,0.875,145.0,True,0.8421052631578947,1.0190625,True,True,1.1875,8,6,稳定拓展型三
421,2127,495403620,9628223555,0.0,0,0,,,False,,,False,False,,8,2,低效长尾型
422,2176,495403620,9628223555,17.75,10,27,0.6667,376.0,True,0.37037037037037035,1.775,True,True,2.7,8,1,稳定拓展型
423,2178,495403620,9628223555,1.35,4,1,1.0,120.0,True,4.0,0.3375,True,True,0.25,8,4,稳定拓展型二
424,2186,495403620,9628223555,2.48,3,3,1.0,10.0,True,1.0,0.8266666666666667,True,True,1.0,8,7,低效长尾型二
425,2188,495403620,9628223555,5.13,3,3,1.0,10.0,True,1.0,1.71,True,True,1.0,8,7,低效长尾型二
426,2226,495403620,9628223555,43.74,46,78,0.7714,178.0,True,0.5897435897435898,0.9508695652173913,True,True,1.6956521739130435,8,6,稳定拓展型三
427,2234,495403620,9628223555,0.0,0,0,,,False,,,False,False,,8,2,低效长尾型
428,2351,495403620,9628223555,42.25,28,34,0.8182,47.0,True,0.8235294117647058,1.5089285714285714,True,True,1.2142857142857142,8,6,稳定拓展型三
429,2354,495403620,9628223555,2.88,2,81,0.0,1618.0,True,0.024691358024691357,1.44,True,True,40.5,8,5,潜力挖掘型
430,2370,495403620,9628223555,1.26,1,1,1.0,3.0,True,1.0,1.26,True,True,1.0,8,7,低效长尾型二
431,2371,495403620,9628223555,0.0,0,0,,,False,,,False,False,,8,2,低效长尾型
432,2424,495403620,9628223555,0.0,0,0,,,False,,,False,False,,8,2,低效长尾型
433,2432,495403620,9628223555,3.85,3,4,1.0,38.0,True,0.75,1.2833333333333334,True,True,1.3333333333333333,8,7,低效长尾型二
434,2441,495403620,9628223555,0.0,0,0,,,False,,,False,False,,8,2,低效长尾型
435,2525,495403620,9628223555,13.42,12,10,1.0,30.0,True,1.2,1.1183333333333334,True,True,0.8333333333333334,8,7,低效长尾型二
436,2534,495403620,9628223555,6.02,7,6,1.0,53.0,True,1.1666666666666667,0.86,True,True,0.8571428571428571,8,7,低效长尾型二
437,2541,495403620,9628223555,21686.91,29926,87461,0.4974,328.0,True,0.3421639359257269,0.7246845552362494,True,True,2.9225756866938446,8,0,高价值转化型
438,2547,495403620,9628223555,2.17,2,2,1.0,3.0,True,1.0,1.085,True,True,1.0,8,7,低效长尾型二
439,2551,495403620,9628223555,2.83,2,16,0.5,276.0,True,0.125,1.415,True,True,8.0,8,1,稳定拓展型
440,2555,495403620,9628223555,0.0,0,0,,,False,,,False,False,,8,2,低效长尾型
441,2579,495403620,9628223555,41.09,33,51,0.9,55.0,True,0.6470588235294118,1.2451515151515153,True,True,1.5454545454545454,8,6,稳定拓展型三
442,2584,495403620,9628223555,115.98,262,182,0.9412,39.0,True,1.4395604395604396,0.44267175572519085,True,True,0.6946564885496184,8,4,稳定拓展型二
443,2602,495403620,9628223555,14.01,10,9,0.7143,10.0,True,1.1111111111111112,1.401,True,True,0.9,8,6,稳定拓展型三
444,2633,495403620,9628223555,60.22,42,105,0.7576,252.0,True,0.4,1.4338095238095239,True,True,2.5,8,1,稳定拓展型
445,2678,495403620,9628223555,0.0,0,0,,,False,,,False,False,,8,2,低效长尾型
446,2682,495403620,9628223555,6.07,4,26,0.25,888.0,True,0.15384615384615385,1.5175,True,True,6.5,8,1,稳定拓展型
447,2690,495403620,9628223555,5.24,9,8,1.0,48.0,True,1.125,0.5822222222222222,True,True,0.8888888888888888,8,7,低效长尾型二
448,2703,495403620,9628223555,0.0,0,0,,,False,,,False,False,,8,2,低效长尾型
449,2717,495403620,9628223555,0.0,0,0,,,False,,,False,False,,8,2,低效长尾型
450,2723,495403620,9628223555,340.06,332,721,0.7402,206.0,True,0.4604715672676838,1.024277108433735,True,True,2.1716867469879517,8,6,稳定拓展型三
451,2738,495403620,9628223555,2.73,2,2,1.0,120.0,True,1.0,1.365,True,True,1.0,8,7,低效长尾型二
452,2742,495403620,9628223555,0.0,0,0,,,False,,,False,False,,8,2,低效长尾型
453,2748,495403620,9628223555,43.02,39,182,0.6,347.0,True,0.21428571428571427,1.103076923076923,True,True,4.666666666666667,8,1,稳定拓展型
454,2775,495403620,9628223555,0.0,0,0,,,False,,,False,False,,8,2,低效长尾型
455,2780,495403620,9628223555,95.7,65,179,0.7119,195.0,True,0.36312849162011174,1.4723076923076923,True,True,2.753846153846154,8,1,稳定拓展型
456,2795,495403620,9628223555,3.49,4,4,1.0,85.0,True,1.0,0.8725,True,True,1.0,8,7,低效长尾型二
457,2813,495403620,9628223555,5.37,11,3,1.0,51.0,True,3.6666666666666665,0.4881818181818182,True,True,0.2727272727272727,8,4,稳定拓展型二
458,2834,495403620,9628223555,1.88,1,1,1.0,4.0,True,1.0,1.88,True,True,1.0,8,7,低效长尾型二
459,2843,495403620,9628223555,150.65,108,141,0.814,123.0,True,0.7659574468085106,1.3949074074074075,True,True,1.3055555555555556,8,6,稳定拓展型三
460,2854,495403620,9628223555,4.83,6,5,1.0,57.0,True,1.2,0.805,True,True,0.8333333333333334,8,7,低效长尾型二
461,2855,495403620,9628223555,15.1,18,15,1.0,120.0,True,1.2,0.8388888888888889,True,True,0.8333333333333334,8,7,低效长尾型二
462,2874,495403620,9628223555,5435.94,1915,10266,0.3591,411.0,True,0.186538086888759,2.8386109660574412,True,True,5.360835509138381,8,0,高价值转化型
463,2890,495403620,9628223555,6.51,6,19,0.8,48.0,True,0.3157894736842105,1.085,True,True,3.1666666666666665,8,1,稳定拓展型
464,2919,495403620,9628223555,8.23,13,15,0.8182,235.0,True,0.8666666666666667,0.6330769230769231,True,True,1.1538461538461537,8,6,稳定拓展型三
465,2936,495403620,9628223555,0.0,0,0,,,False,,,False,False,,8,2,低效长尾型
466,2955,495403620,9628223555,3.09,3,3,1.0,3.0,True,1.0,1.03,True,True,1.0,8,7,低效长尾型二
467,2993,495403620,9628223555,22.18,15,23,0.8462,328.0,True,0.6521739130434783,1.4786666666666666,True,True,1.5333333333333334,8,6,稳定拓展型三
468,2996,495403620,9628223555,74.77,50,316,0.2692,487.0,True,0.15822784810126583,1.4953999999999998,True,True,6.32,8,1,稳定拓展型
469,2997,495403620,9628223555,184.97,118,214,0.7664,108.0,True,0.5514018691588785,1.567542372881356,True,True,1.8135593220338984,8,6,稳定拓展型三
470,3008,495403620,9628223555,45.41,54,204,0.6042,319.0,True,0.2647058823529412,0.8409259259259259,True,True,3.7777777777777777,8,1,稳定拓展型
471,3060,495403620,9628223555,0.0,0,0,,,False,,,False,False,,8,2,低效长尾型
472,3064,495403620,9628223555,13.2,15,16,0.9,60.0,True,0.9375,0.88,True,True,1.0666666666666667,8,6,稳定拓展型三
473,3070,495403620,9628223555,9.57,8,14,0.6,61.0,True,0.5714285714285714,1.19625,True,True,1.75,8,6,稳定拓展型三
474,3093,495403620,9628223555,0.32,1,0,0.0,,True,,0.32,False,True,0.0,8,5,潜力挖掘型
475,3135,495403620,9628223555,2.7,2,22,0.5,1001.0,True,0.09090909090909091,1.35,True,True,11.0,8,1,稳定拓展型
476,3153,495403620,9628223555,0.72,1,1,1.0,120.0,True,1.0,0.72,True,True,1.0,8,7,低效长尾型二
477,3165,495403620,9628223555,53.44,53,64,0.875,128.0,True,0.828125,1.0083018867924527,True,True,1.2075471698113207,8,6,稳定拓展型三
478,3175,495403620,9628223555,0.0,0,0,,,False,,,False,False,,8,2,低效长尾型
479,3195,495403620,9628223555,0.0,0,0,,,False,,,False,False,,8,2,低效长尾型
480,3201,495403620,9628223555,0.0,0,0,,,False,,,False,False,,8,2,低效长尾型
481,3222,495403620,9628223555,1.65,1,1,1.0,2.0,True,1.0,1.65,True,True,1.0,8,7,低效长尾型二
482,3275,495403620,9628223555,0.0,0,0,,,False,,,False,False,,8,2,低效长尾型
483,3327,495403620,9628223555,22.08,13,59,0.7,539.0,True,0.22033898305084745,1.6984615384615382,True,True,4.538461538461538,8,1,稳定拓展型
484,3352,495403620,9628223555,37.67,27,27,0.9524,122.0,True,1.0,1.3951851851851853,True,True,1.0,8,6,稳定拓展型三
485,3353,495403620,9628223555,0.8,1,1,1.0,,True,1.0,0.8,True,True,1.0,8,7,低效长尾型二
486,3374,495403620,9628223555,2398.88,445,3848,0.2606,480.0,True,0.11564449064449064,5.390741573033708,True,True,8.647191011235956,8,0,高价值转化型
487,3379,495403620,9628223555,31.79,21,74,0.65,369.0,True,0.28378378378378377,1.5138095238095237,True,True,3.5238095238095237,8,1,稳定拓展型
488,3382,495403620,9628223555,1533.0,276,1485,0.4779,384.0,True,0.18585858585858586,5.554347826086956,True,True,5.380434782608695,8,0,高价值转化型
489,3386,495403620,9628223555,0.0,0,0,,,False,,,False,False,,8,2,低效长尾型
490,3393,495403620,9628223555,298.34,124,269,0.7182,103.0,True,0.46096654275092935,2.4059677419354837,True,True,2.1693548387096775,8,1,稳定拓展型
491,3416,495403620,9628223555,4.17,3,2,1.0,120.0,True,1.5,1.39,True,True,0.6666666666666666,8,7,低效长尾型二
492,3417,495403620,9628223555,6.95,6,10,0.6,33.0,True,0.6,1.1583333333333334,True,True,1.6666666666666667,8,6,稳定拓展型三
493,3445,495403620,9628223555,0.0,0,0,,,False,,,False,False,,8,2,低效长尾型
494,3451,495403620,9628223555,2.63,3,3,0.5,14.0,True,1.0,0.8766666666666666,True,True,1.0,8,6,稳定拓展型三
495,3481,495403620,9628223555,0.0,0,1,,,False,0.0,,True,False,,8,4,稳定拓展型二
496,3548,495403620,9628223555,11.61,15,23,0.9167,279.0,True,0.6521739130434783,0.7739999999999999,True,True,1.5333333333333334,8,6,稳定拓展型三
497,3567,495403620,9628223555,1.35,2,2,1.0,25.0,True,1.0,0.675,True,True,1.0,8,7,低效长尾型二
498,3575,495403620,9628223555,160.27,44,142,0.5,370.0,True,0.30985915492957744,3.6425,True,True,3.227272727272727,8,0,高价值转化型
499,3579,495403620,9628223555,0.0,0,0,,,False,,,False,False,,8,2,低效长尾型
500,3653,495403620,9628223555,0.0,0,0,,,False,,,False,False,,8,2,低效长尾型
501,3659,495403620,9628223555,5.77,7,6,1.0,184.0,True,1.1666666666666667,0.8242857142857142,True,True,0.8571428571428571,8,7,低效长尾型二
502,3677,495403620,9628223555,6.93,10,9,1.0,44.0,True,1.1111111111111112,0.693,True,True,0.9,8,7,低效长尾型二
503,3720,495403620,9628223555,0.0,0,0,,,False,,,False,False,,8,2,低效长尾型
504,3769,495403620,9628223555,1.24,3,3,1.0,3.0,True,1.0,0.41333333333333333,True,True,1.0,8,7,低效长尾型二
505,3922,495403620,9628223555,2.35,2,2,1.0,25.0,True,1.0,1.175,True,True,1.0,8,7,低效长尾型二
506,3923,495403620,9628223555,14.78,15,143,0.4286,930.0,True,0.1048951048951049,0.9853333333333333,True,True,9.533333333333333,8,1,稳定拓展型
507,3924,495403620,9628223555,0.0,0,0,,,False,,,False,False,,8,2,低效长尾型
508,3949,495403620,9628223555,0.0,0,0,,,False,,,False,False,,8,2,低效长尾型
509,3951,495403620,9628223555,0.0,0,0,,,False,,,False,False,,8,2,低效长尾型
510,3962,495403620,9628223555,8.52,6,6,1.0,44.0,True,1.0,1.42,True,True,1.0,8,7,低效长尾型二
511,3973,495403620,9628223555,4.8,7,35,0.8,77.0,True,0.2,0.6857142857142857,True,True,5.0,8,1,稳定拓展型
512,3989,495403620,9628223555,106.06,63,407,0.4483,394.0,True,0.1547911547911548,1.6834920634920636,True,True,6.4603174603174605,8,1,稳定拓展型
513,3991,495403620,9628223555,0.0,0,0,,,False,,,False,False,,8,2,低效长尾型
514,4001,495403620,9628223555,0.0,0,0,,,False,,,False,False,,8,2,低效长尾型
515,4002,495403620,9628223555,26.24,17,59,0.75,288.0,True,0.288135593220339,1.5435294117647058,True,True,3.4705882352941178,8,1,稳定拓展型
516,4016,495403620,9628223555,48.68,27,55,0.6522,172.0,True,0.4909090909090909,1.8029629629629629,True,True,2.037037037037037,8,1,稳定拓展型
517,4020,495403620,9628223555,0.0,0,0,,,False,,,False,False,,8,2,低效长尾型
518,4046,495403620,9628223555,21.51,20,28,0.8235,55.0,True,0.7142857142857143,1.0755000000000001,True,True,1.4,8,6,稳定拓展型三
519,4047,495403620,9628223555,50.95,36,52,0.7778,326.0,True,0.6923076923076923,1.4152777777777779,True,True,1.4444444444444444,8,6,稳定拓展型三
520,4052,495403620,9628223555,1.19,1,1,1.0,9.0,True,1.0,1.19,True,True,1.0,8,7,低效长尾型二
521,4141,495403620,9628223555,0.0,0,0,,,False,,,False,False,,8,2,低效长尾型
522,4158,495403620,9628223555,36.54,28,49,0.92,98.0,True,0.5714285714285714,1.305,True,True,1.75,8,6,稳定拓展型三
523,4163,495403620,9628223555,0.49,2,2,1.0,1.0,True,1.0,0.245,True,True,1.0,8,7,低效长尾型二
524,4165,495403620,9628223555,36.37,33,30,0.8095,153.0,True,1.1,1.102121212121212,True,True,0.9090909090909091,8,6,稳定拓展型三
525,4171,495403620,9628223555,1.68,2,1,1.0,8.0,True,2.0,0.84,True,True,0.5,8,7,低效长尾型二
526,4188,495403620,9628223555,1533.24,434,1683,0.5805,286.0,True,0.2578728461081402,3.532811059907834,True,True,3.877880184331797,8,0,高价值转化型
527,4189,495403620,9628223555,19.42,15,28,0.6667,57.0,True,0.5357142857142857,1.2946666666666669,True,True,1.8666666666666667,8,6,稳定拓展型三
528,4251,495403620,9628223555,1.23,1,0,0.0,,True,,1.23,False,True,0.0,8,5,潜力挖掘型
529,4310,495403620,9628223555,0.0,0,0,,,False,,,False,False,,8,2,低效长尾型
530,4321,495403620,9628223555,89.22,64,291,0.566,525.0,True,0.21993127147766323,1.3940625,True,True,4.546875,8,1,稳定拓展型
531,4331,495403620,9628223555,16.86,15,9,1.0,48.0,True,1.6666666666666667,1.1239999999999999,True,True,0.6,8,7,低效长尾型二
532,4388,495403620,9628223555,8.28,9,5,1.0,32.0,True,1.8,0.9199999999999999,True,True,0.5555555555555556,8,7,低效长尾型二
533,4422,495403620,9628223555,5.1,4,31,0.6,1425.0,True,0.12903225806451613,1.275,True,True,7.75,8,1,稳定拓展型
534,4454,495403620,9628223555,0.0,0,0,,,False,,,False,False,,8,2,低效长尾型
535,4463,495403620,9628223555,0.0,0,0,,,False,,,False,False,,8,2,低效长尾型
536,4479,495403620,9628223555,7.22,8,6,1.0,52.0,True,1.3333333333333333,0.9025,True,True,0.75,8,7,低效长尾型二
537,4480,495403620,9628223555,21.87,15,12,0.9091,34.0,True,1.25,1.458,True,True,0.8,8,6,稳定拓展型三
538,4498,495403620,9628223555,3.53,2,2,1.0,120.0,True,1.0,1.765,True,True,1.0,8,7,低效长尾型二
539,4504,495403620,9628223555,0.0,0,0,,,False,,,False,False,,8,2,低效长尾型
540,4505,495403620,9628223555,0.0,0,0,,,False,,,False,False,,8,2,低效长尾型
541,4529,495403620,9628223555,1.62,2,2,1.0,2.0,True,1.0,0.81,True,True,1.0,8,7,低效长尾型二
542,4541,495403620,9628223555,0.0,0,0,,,False,,,False,False,,8,2,低效长尾型
543,4545,495403620,9628223555,0.0,0,0,,,False,,,False,False,,8,2,低效长尾型
544,4558,495403620,9628223555,0.0,0,0,,,False,,,False,False,,8,2,低效长尾型
545,4560,495403620,9628223555,15.29,8,17,0.6667,121.0,True,0.47058823529411764,1.91125,True,True,2.125,8,1,稳定拓展型
546,4581,495403620,9628223555,3.58,2,2,1.0,63.0,True,1.0,1.79,True,True,1.0,8,7,低效长尾型二
547,4594,495403620,9628223555,20.64,30,24,1.0,40.0,True,1.25,0.6880000000000001,True,True,0.8,8,7,低效长尾型二
548,4613,495403620,9628223555,5.38,5,3,1.0,80.0,True,1.6666666666666667,1.076,True,True,0.6,8,7,低效长尾型二
549,4634,495403620,9628223555,375.36,121,502,0.5534,438.0,True,0.2410358565737052,3.1021487603305786,True,True,4.148760330578512,8,0,高价值转化型
550,4637,495403620,9628223555,5.75,11,9,1.0,54.0,True,1.2222222222222223,0.5227272727272727,True,True,0.8181818181818182,8,7,低效长尾型二
551,4706,495403620,9628223555,6.41,11,14,0.8889,94.0,True,0.7857142857142857,0.5827272727272728,True,True,1.2727272727272727,8,6,稳定拓展型三
552,4717,495403620,9628223555,1.77,3,3,1.0,15.0,True,1.0,0.59,True,True,1.0,8,7,低效长尾型二
553,4718,495403620,9628223555,0.0,0,0,,,False,,,False,False,,8,2,低效长尾型
554,4760,495403620,9628223555,0.0,0,0,,,False,,,False,False,,8,2,低效长尾型
555,4762,495403620,9628223555,0.97,2,1,1.0,2.0,True,2.0,0.485,True,True,0.5,8,7,低效长尾型二
556,4828,495403620,9628223555,11.05,8,22,0.5,199.0,True,0.36363636363636365,1.38125,True,True,2.75,8,1,稳定拓展型
557,4832,495403620,9628223555,0.0,0,0,,,False,,,False,False,,8,2,低效长尾型
558,4854,495403620,9628223555,0.0,0,0,,,False,,,False,False,,8,2,低效长尾型
559,4865,495403620,9628223555,61.99,63,65,0.84,64.0,True,0.9692307692307692,0.983968253968254,True,True,1.0317460317460319,8,6,稳定拓展型三
560,4888,495403620,9628223555,33.02,26,57,0.7083,202.0,True,0.45614035087719296,1.27,True,True,2.1923076923076925,8,1,稳定拓展型
561,4914,495403620,9628223555,2.05,2,2,1.0,92.0,True,1.0,1.025,True,True,1.0,8,7,低效长尾型二
562,4927,495403620,9628223555,22.07,17,23,0.8,61.0,True,0.7391304347826086,1.2982352941176472,True,True,1.3529411764705883,8,6,稳定拓展型三
563,4931,495403620,9628223555,0.81,2,1,1.0,1.0,True,2.0,0.405,True,True,0.5,8,7,低效长尾型二
564,4935,495403620,9628223555,10.31,11,8,1.0,33.0,True,1.375,0.9372727272727274,True,True,0.7272727272727273,8,7,低效长尾型二
565,4949,495403620,9628223555,21.56,17,16,0.9286,59.0,True,1.0625,1.268235294117647,True,True,0.9411764705882353,8,6,稳定拓展型三
566,4960,495403620,9628223555,10.94,15,15,0.7273,46.0,True,1.0,0.7293333333333333,True,True,1.0,8,6,稳定拓展型三
567,5031,495403620,9628223555,0.0,0,0,,,False,,,False,False,,8,2,低效长尾型
568,5035,495403620,9628223555,66.79,41,39,0.9167,104.0,True,1.0512820512820513,1.6290243902439026,True,True,0.9512195121951219,8,6,稳定拓展型三
569,5038,495403620,9628223555,0.0,0,0,,,False,,,False,False,,8,2,低效长尾型
570,5064,495403620,9628223555,1.33,3,3,1.0,43.0,True,1.0,0.44333333333333336,True,True,1.0,8,7,低效长尾型二
571,5111,495403620,9628223555,0.0,0,0,,,False,,,False,False,,8,2,低效长尾型
572,5126,495403620,9628223555,10.69,12,8,1.0,21.0,True,1.5,0.8908333333333333,True,True,0.6666666666666666,8,7,低效长尾型二
573,5163,495403620,9628223555,2.85,4,3,1.0,3.0,True,1.3333333333333333,0.7125,True,True,0.75,8,7,低效长尾型二
574,5197,495403620,9628223555,0.0,0,0,,,False,,,False,False,,8,2,低效长尾型
575,5199,495403620,9628223555,0.0,0,0,,,False,,,False,False,,8,2,低效长尾型
576,5229,495403620,9628223555,28.35,51,38,1.0,54.0,True,1.3421052631578947,0.5558823529411765,True,True,0.7450980392156863,8,7,低效长尾型二
577,5249,495403620,9628223555,371.71,111,99,0.9457,71.0,True,1.121212121212121,3.3487387387387386,True,True,0.8918918918918919,8,0,高价值转化型
578,5259,495403620,9628223555,0.0,0,0,,,False,,,False,False,,8,2,低效长尾型
579,5306,495403620,9628223555,13.59,17,10,0.8889,66.0,True,1.7,0.7994117647058824,True,True,0.5882352941176471,8,4,稳定拓展型二
580,5313,495403620,9628223555,11.64,18,32,0.7857,171.0,True,0.5625,0.6466666666666667,True,True,1.7777777777777777,8,6,稳定拓展型三
581,5314,495403620,9628223555,0.29,1,1,1.0,,True,1.0,0.29,True,True,1.0,8,7,低效长尾型二
582,5395,495403620,9628223555,1.19,1,0,0.0,,True,,1.19,False,True,0.0,8,5,潜力挖掘型
583,5406,495403620,9628223555,6.44,8,5,1.0,77.0,True,1.6,0.805,True,True,0.625,8,7,低效长尾型二
584,5436,495403620,9628223555,17.1,13,31,0.4545,297.0,True,0.41935483870967744,1.3153846153846156,True,True,2.3846153846153846,8,1,稳定拓展型
585,5438,495403620,9628223555,0.0,0,0,,,False,,,False,False,,8,2,低效长尾型
586,5455,495403620,9628223555,0.0,0,0,,,False,,,False,False,,8,2,低效长尾型
587,5460,495403620,9628223555,0.0,0,0,,,False,,,False,False,,8,2,低效长尾型
588,5467,495403620,9628223555,9.29,9,7,1.0,36.0,True,1.2857142857142858,1.0322222222222222,True,True,0.7777777777777778,8,7,低效长尾型二
589,5486,495403620,9628223555,0.0,0,0,,,False,,,False,False,,8,2,低效长尾型
590,5495,495403620,9628223555,1.56,9,18,0.625,174.0,True,0.5,0.17333333333333334,True,True,2.0,8,1,稳定拓展型
591,5501,495403620,9628223555,0.0,0,0,,,False,,,False,False,,8,2,低效长尾型
592,5508,495403620,9628223555,1.4,1,0,0.0,,True,,1.4,False,True,0.0,8,5,潜力挖掘型
593,5534,495403620,9628223555,0.1,1,0,0.0,,True,,0.1,False,True,0.0,8,5,潜力挖掘型
594,5546,495403620,9628223555,0.0,0,0,,,False,,,False,False,,8,2,低效长尾型
595,5549,495403620,9628223555,3.05,3,3,1.0,2.0,True,1.0,1.0166666666666666,True,True,1.0,8,7,低效长尾型二
596,5576,495403620,9628223555,0.0,0,0,,,False,,,False,False,,8,2,低效长尾型
597,5588,495403620,9628223555,1.37,2,1,1.0,3.0,True,2.0,0.685,True,True,0.5,8,7,低效长尾型二
598,5622,495403620,9628223555,0.0,0,0,,,False,,,False,False,,8,2,低效长尾型
599,5629,495403620,9628223555,1.1,1,0,0.0,,True,,1.1,False,True,0.0,8,5,潜力挖掘型
600,5643,495403620,9628223555,5.44,3,3,1.0,3.0,True,1.0,1.8133333333333335,True,True,1.0,8,7,低效长尾型二
601,5655,495403620,9628223555,0.0,0,0,,,False,,,False,False,,8,2,低效长尾型
602,5661,495403620,9628223555,33.08,29,27,0.8947,100.0,True,1.0740740740740742,1.1406896551724137,True,True,0.9310344827586207,8,6,稳定拓展型三
603,5671,495403620,9628223555,0.0,0,0,,,False,,,False,False,,8,2,低效长尾型
604,5672,495403620,9628223555,0.0,0,0,,,False,,,False,False,,8,2,低效长尾型
605,5683,495403620,9628223555,0.0,0,0,,,False,,,False,False,,8,2,低效长尾型
606,5696,495403620,9628223555,54.85,41,39,0.9375,76.0,True,1.0512820512820513,1.3378048780487806,True,True,0.9512195121951219,8,6,稳定拓展型三
607,5702,495403620,9628223555,22.93,16,40,0.8182,77.0,True,0.4,1.433125,True,True,2.5,8,1,稳定拓展型
608,5703,495403620,9628223555,2433.25,464,1009,0.7268,229.0,True,0.45986124876114964,5.244073275862069,True,True,2.1745689655172415,8,0,高价值转化型
609,5705,495403620,9628223555,134.41,26,101,0.56,209.0,True,0.25742574257425743,5.169615384615384,True,True,3.8846153846153846,8,0,高价值转化型
610,5721,495403620,9628223555,20.77,18,25,0.9444,150.0,True,0.72,1.153888888888889,True,True,1.3888888888888888,8,6,稳定拓展型三
611,5767,495403620,9628223555,10.18,6,8,0.8571,23.0,True,0.75,1.6966666666666665,True,True,1.3333333333333333,8,6,稳定拓展型三
612,5779,495403620,9628223555,15.29,14,9,1.0,19.0,True,1.5555555555555556,1.092142857142857,True,True,0.6428571428571429,8,7,低效长尾型二
613,5795,495403620,9628223555,31.96,31,30,0.9231,119.0,True,1.0333333333333334,1.030967741935484,True,True,0.967741935483871,8,6,稳定拓展型三
614,5862,495403620,9628223555,5.94,8,5,1.0,33.0,True,1.6,0.7425,True,True,0.625,8,7,低效长尾型二
615,5888,495403620,9628223555,1.8,1,1,1.0,1.0,True,1.0,1.8,True,True,1.0,8,7,低效长尾型二
616,5911,495403620,9628223555,29.26,17,100,0.4375,335.0,True,0.17,1.7211764705882353,True,True,5.882352941176471,8,1,稳定拓展型
617,5912,495403620,9628223555,2.7,4,36,0.25,315.0,True,0.1111111111111111,0.675,True,True,9.0,8,1,稳定拓展型
618,5917,495403620,9628223555,0.0,0,0,,,False,,,False,False,,8,2,低效长尾型
619,5921,495403620,9628223555,11.58,11,11,0.8333,44.0,True,1.0,1.0527272727272727,True,True,1.0,8,6,稳定拓展型三
620,5945,495403620,9628223555,0.0,0,0,,,False,,,False,False,,8,2,低效长尾型
621,5964,495403620,9628223555,1774.21,550,790,0.8364,111.0,True,0.6962025316455697,3.225836363636364,True,True,1.4363636363636363,8,0,高价值转化型
622,5987,495403620,9628223555,0.0,0,0,,,False,,,False,False,,8,2,低效长尾型
623,6017,495403620,9628223555,4.12,4,7,0.6667,517.0,True,0.5714285714285714,1.03,True,True,1.75,8,6,稳定拓展型三
624,6027,495403620,9628223555,501.74,66,512,0.25,720.0,True,0.12890625,7.6021212121212125,True,True,7.757575757575758,8,0,高价值转化型
625,6028,495403620,9628223555,4.42,3,4,0.5,43.0,True,0.75,1.4733333333333334,True,True,1.3333333333333333,8,6,稳定拓展型三
626,6039,495403620,9628223555,2.31,5,3,1.0,6.0,True,1.6666666666666667,0.462,True,True,0.6,8,7,低效长尾型二
627,6093,495403620,9628223555,6.74,3,7,0.6667,652.0,True,0.42857142857142855,2.2466666666666666,True,True,2.3333333333333335,8,1,稳定拓展型
628,6106,495403620,9628223555,1.1,3,9,0.0,47.0,True,0.3333333333333333,0.3666666666666667,True,True,3.0,8,5,潜力挖掘型
629,6149,495403620,9628223555,60.82,89,25,0.9091,171.0,True,3.56,0.6833707865168539,True,True,0.2808988764044944,8,4,稳定拓展型二
630,6152,495403620,9628223555,7.16,9,8,1.0,33.0,True,1.125,0.7955555555555556,True,True,0.8888888888888888,8,7,低效长尾型二
631,6157,495403620,9628223555,4.06,3,8,0.6667,72.0,True,0.375,1.3533333333333333,True,True,2.6666666666666665,8,1,稳定拓展型
632,6159,495403620,9628223555,43.15,13,43,0.75,41.0,True,0.3023255813953488,3.319230769230769,True,True,3.3076923076923075,8,0,高价值转化型
633,6162,495403620,9628223555,0.0,0,0,,,False,,,False,False,,8,2,低效长尾型
634,6164,495403620,9628223555,0.15,1,1,1.0,1.0,True,1.0,0.15,True,True,1.0,8,7,低效长尾型二
635,6173,495403620,9628223555,0.0,0,0,,,False,,,False,False,,8,2,低效长尾型
636,6177,495403620,9628223555,0.0,0,0,,,False,,,False,False,,8,2,低效长尾型
637,6198,495403620,9628223555,0.27,2,2,1.0,120.0,True,1.0,0.135,True,True,1.0,8,7,低效长尾型二
638,6210,495403620,9628223555,1.06,4,3,1.0,41.0,True,1.3333333333333333,0.265,True,True,0.75,8,7,低效长尾型二
639,6229,495403620,9628223555,19.34,17,68,0.9333,503.0,True,0.25,1.1376470588235295,True,True,4.0,8,1,稳定拓展型
640,6250,495403620,9628223555,0.0,0,0,,,False,,,False,False,,8,2,低效长尾型
641,6261,495403620,9628223555,18916.77,16391,13078,0.8917,106.0,True,1.2533261966661569,1.1540949301445915,True,True,0.7978768836556647,8,6,稳定拓展型三
642,6281,495403620,9628223555,0.0,0,0,,,False,,,False,False,,8,2,低效长尾型
643,6294,495403620,9628223555,0.0,0,0,,,False,,,False,False,,8,2,低效长尾型
644,6298,495403620,9628223555,1983.14,693,1366,0.7867,202.0,True,0.5073206442166911,2.861673881673882,True,True,1.971139971139971,8,0,高价值转化型
645,6343,495403620,9628223555,0.0,0,0,,,False,,,False,False,,8,2,低效长尾型
646,6360,495403620,9628223555,10735.93,5191,13273,0.6879,230.0,True,0.391094703533489,2.0681814679252555,True,True,2.55692544789058,8,0,高价值转化型
647,6366,495403620,9628223555,8.41,9,8,1.0,32.0,True,1.125,0.9344444444444444,True,True,0.8888888888888888,8,7,低效长尾型二
648,6372,495403620,9628223555,8.06,12,8,1.0,76.0,True,1.5,0.6716666666666667,True,True,0.6666666666666666,8,7,低效长尾型二
649,6377,495403620,9628223555,20.2,24,370,0.08,761.0,True,0.06486486486486487,0.8416666666666667,True,True,15.416666666666666,8,1,稳定拓展型
650,6383,495403620,9628223555,4.85,6,5,1.0,2.0,True,1.2,0.8083333333333332,True,True,0.8333333333333334,8,7,低效长尾型二
651,6440,495403620,9628223555,2.62,3,3,1.0,453.0,True,1.0,0.8733333333333334,True,True,1.0,8,7,低效长尾型二
652,6447,495403620,9628223555,0.0,0,0,,,False,,,False,False,,8,2,低效长尾型
653,6451,495403620,9628223555,0.0,0,0,,,False,,,False,False,,8,2,低效长尾型
654,6474,495403620,9628223555,120.04,56,136,0.5366,265.0,True,0.4117647058823529,2.1435714285714287,True,True,2.4285714285714284,8,1,稳定拓展型
655,6500,495403620,9628223555,116.38,82,350,0.4595,252.0,True,0.2342857142857143,1.4192682926829268,True,True,4.2682926829268295,8,1,稳定拓展型
656,6504,495403620,9628223555,36.72,26,52,0.7619,134.0,True,0.5,1.4123076923076923,True,True,2.0,8,1,稳定拓展型
657,6538,495403620,9628223555,22.9,20,102,0.7222,345.0,True,0.19607843137254902,1.145,True,True,5.1,8,1,稳定拓展型
658,6542,495403620,9628223555,7.58,10,7,1.0,28.0,True,1.4285714285714286,0.758,True,True,0.7,8,7,低效长尾型二
659,6560,495403620,9628223555,4.72,2,4,0.5,527.0,True,0.5,2.36,True,True,2.0,8,1,稳定拓展型
660,6574,495403620,9628223555,56.31,43,187,0.6216,267.0,True,0.22994652406417113,1.3095348837209302,True,True,4.348837209302325,8,1,稳定拓展型
661,6617,495403620,9628223555,318.27,238,301,0.858,99.0,True,0.7906976744186046,1.337268907563025,True,True,1.2647058823529411,8,6,稳定拓展型三
662,6649,495403620,9628223555,0.0,0,0,,,False,,,False,False,,8,2,低效长尾型
663,15,495817671,9630806627,0.0,0,0,,,False,,,False,False,,8,2,低效长尾型
664,59,495817671,9630806627,0.0,0,0,,,False,,,False,False,,8,2,低效长尾型
665,64,495817671,9630806627,6.47,13,10,1.0,25.0,True,1.3,0.49769230769230766,True,True,0.7692307692307693,8,7,低效长尾型二
666,65,495817671,9630806627,0.0,0,0,,,False,,,False,False,,8,2,低效长尾型
667,108,495817671,9630806627,2.28,2,3,0.5,6.0,True,0.6666666666666666,1.14,True,True,1.5,8,6,稳定拓展型三
668,110,495817671,9630806627,2838.16,1511,3464,0.2866,448.0,True,0.4362009237875289,1.8783322303110521,True,True,2.2925215089344806,8,0,高价值转化型
669,114,495817671,9630806627,5.49,6,6,1.0,64.0,True,1.0,0.915,True,True,1.0,8,7,低效长尾型二
670,127,495817671,9630806627,0.0,0,0,,,False,,,False,False,,8,2,低效长尾型
671,136,495817671,9630806627,20.16,35,42,0.7931,118.0,True,0.8333333333333334,0.576,True,True,1.2,8,6,稳定拓展型三
672,155,495817671,9630806627,0.0,0,0,,,False,,,False,False,,8,2,低效长尾型
673,216,495817671,9630806627,0.0,0,0,,,False,,,False,False,,8,2,低效长尾型
674,221,495817671,9630806627,0.0,0,0,,,False,,,False,False,,8,2,低效长尾型
675,231,495817671,9630806627,0.0,0,0,,,False,,,False,False,,8,2,低效长尾型
676,235,495817671,9630806627,123.8,96,181,0.7952,196.0,True,0.5303867403314917,1.2895833333333333,True,True,1.8854166666666667,8,6,稳定拓展型三
677,243,495817671,9630806627,12.22,11,60,0.3333,226.0,True,0.18333333333333332,1.110909090909091,True,True,5.454545454545454,8,1,稳定拓展型
678,292,495817671,9630806627,0.96,1,1,1.0,1.0,True,1.0,0.96,True,True,1.0,8,7,低效长尾型二
679,299,495817671,9630806627,121.03,97,200,0.7143,231.0,True,0.485,1.2477319587628866,True,True,2.0618556701030926,8,6,稳定拓展型三
680,308,495817671,9630806627,83.0,85,147,0.7167,196.0,True,0.5782312925170068,0.9764705882352941,True,True,1.7294117647058824,8,6,稳定拓展型三
681,314,495817671,9630806627,0.0,0,0,,,False,,,False,False,,8,2,低效长尾型
682,316,495817671,9630806627,49.94,43,32,1.0,94.0,True,1.34375,1.1613953488372093,True,True,0.7441860465116279,8,7,低效长尾型二
683,348,495817671,9630806627,0.0,0,0,,,False,,,False,False,,8,2,低效长尾型
684,353,495817671,9630806627,2953.6,2626,2546,0.8257,148.0,True,1.0314218381775333,1.1247524752475246,True,True,0.9695354150799695,8,6,稳定拓展型三
685,370,495817671,9630806627,3.46,8,31,0.1429,236.0,True,0.25806451612903225,0.4325,True,True,3.875,8,1,稳定拓展型
686,381,495817671,9630806627,0.31,1,1,1.0,3.0,True,1.0,0.31,True,True,1.0,8,7,低效长尾型二
687,391,495817671,9630806627,11.9,8,13,0.6667,245.0,True,0.6153846153846154,1.4875,True,True,1.625,8,6,稳定拓展型三
688,393,495817671,9630806627,0.0,0,0,,,False,,,False,False,,8,2,低效长尾型
689,417,495817671,9630806627,0.0,0,0,,,False,,,False,False,,8,2,低效长尾型
690,441,495817671,9630806627,0.0,0,0,,,False,,,False,False,,8,2,低效长尾型
691,444,495817671,9630806627,241.33,194,925,0.1414,551.0,True,0.20972972972972972,1.2439690721649486,True,True,4.768041237113402,8,1,稳定拓展型
692,445,495817671,9630806627,8.59,8,9,0.8571,132.0,True,0.8888888888888888,1.07375,True,True,1.125,8,6,稳定拓展型三
693,456,495817671,9630806627,26.44,31,39,0.7727,76.0,True,0.7948717948717948,0.8529032258064516,True,True,1.2580645161290323,8,6,稳定拓展型三
694,505,495817671,9630806627,128.05,108,155,0.7722,100.0,True,0.6967741935483871,1.1856481481481482,True,True,1.4351851851851851,8,6,稳定拓展型三
695,513,495817671,9630806627,0.0,0,0,,,False,,,False,False,,8,2,低效长尾型
696,518,495817671,9630806627,1.57,3,11,0.5,156.0,True,0.2727272727272727,0.5233333333333333,True,True,3.6666666666666665,8,1,稳定拓展型
697,530,495817671,9630806627,74.08,84,140,0.8169,56.0,True,0.6,0.8819047619047619,True,True,1.6666666666666667,8,6,稳定拓展型三
698,533,495817671,9630806627,0.0,0,0,,,False,,,False,False,,8,2,低效长尾型
699,546,495817671,9630806627,0.0,0,0,,,False,,,False,False,,8,2,低效长尾型
700,560,495817671,9630806627,0.0,0,0,,,False,,,False,False,,8,2,低效长尾型
701,561,495817671,9630806627,0.0,0,0,,,False,,,False,False,,8,2,低效长尾型
702,567,495817671,9630806627,0.0,0,0,,,False,,,False,False,,8,2,低效长尾型
703,584,495817671,9630806627,0.24,1,1,1.0,13.0,True,1.0,0.24,True,True,1.0,8,7,低效长尾型二
704,617,495817671,9630806627,5.13,6,5,1.0,6.0,True,1.2,0.855,True,True,0.8333333333333334,8,7,低效长尾型二
705,625,495817671,9630806627,0.0,0,0,,,False,,,False,False,,8,2,低效长尾型
706,640,495817671,9630806627,0.0,0,0,,,False,,,False,False,,8,2,低效长尾型
707,643,495817671,9630806627,0.0,0,0,,,False,,,False,False,,8,2,低效长尾型
708,665,495817671,9630806627,0.0,0,0,,,False,,,False,False,,8,2,低效长尾型
709,677,495817671,9630806627,1.39,1,1,1.0,120.0,True,1.0,1.39,True,True,1.0,8,7,低效长尾型二
710,679,495817671,9630806627,200.65,252,174,0.925,85.0,True,1.4482758620689655,0.7962301587301588,True,True,0.6904761904761905,8,6,稳定拓展型三
711,680,495817671,9630806627,0.0,0,0,,,False,,,False,False,,8,2,低效长尾型
712,714,495817671,9630806627,5.76,12,7,1.0,39.0,True,1.7142857142857142,0.48,True,True,0.5833333333333334,8,7,低效长尾型二
713,735,495817671,9630806627,18.17,21,22,0.8333,87.0,True,0.9545454545454546,0.8652380952380954,True,True,1.0476190476190477,8,6,稳定拓展型三
714,763,495817671,9630806627,0.0,0,0,,,False,,,False,False,,8,2,低效长尾型
715,794,495817671,9630806627,0.0,0,0,,,False,,,False,False,,8,2,低效长尾型
716,798,495817671,9630806627,0.89,2,2,1.0,98.0,True,1.0,0.445,True,True,1.0,8,7,低效长尾型二
717,815,495817671,9630806627,2298.65,2510,2693,0.7592,154.0,True,0.9320460453026365,0.915796812749004,True,True,1.0729083665338646,8,6,稳定拓展型三
718,847,495817671,9630806627,19.53,16,39,0.5833,184.0,True,0.41025641025641024,1.220625,True,True,2.4375,8,1,稳定拓展型
719,848,495817671,9630806627,0.0,0,0,,,False,,,False,False,,8,2,低效长尾型
720,858,495817671,9630806627,10.73,23,19,0.8824,85.0,True,1.2105263157894737,0.4665217391304348,True,True,0.8260869565217391,8,4,稳定拓展型二
721,859,495817671,9630806627,0.0,0,0,,,False,,,False,False,,8,2,低效长尾型
722,872,495817671,9630806627,0.0,0,0,,,False,,,False,False,,8,2,低效长尾型
723,875,495817671,9630806627,47.51,29,95,0.72,311.0,True,0.30526315789473685,1.6382758620689655,True,True,3.2758620689655173,8,1,稳定拓展型
724,882,495817671,9630806627,0.0,0,0,,,False,,,False,False,,8,2,低效长尾型
725,890,495817671,9630806627,56.98,132,47,0.9783,86.0,True,2.8085106382978724,0.43166666666666664,True,True,0.3560606060606061,8,4,稳定拓展型二
726,965,495817671,9630806627,12.3,13,11,0.875,129.0,True,1.1818181818181819,0.9461538461538462,True,True,0.8461538461538461,8,6,稳定拓展型三
727,966,495817671,9630806627,0.0,0,0,,,False,,,False,False,,8,2,低效长尾型
728,976,495817671,9630806627,0.0,0,0,,,False,,,False,False,,8,2,低效长尾型
729,1018,495817671,9630806627,0.15,1,0,0.0,,True,,0.15,False,True,0.0,8,5,潜力挖掘型
730,1040,495817671,9630806627,6.4,5,3,1.0,65.0,True,1.6666666666666667,1.28,True,True,0.6,8,7,低效长尾型二
731,1041,495817671,9630806627,2.11,4,4,1.0,90.0,True,1.0,0.5275,True,True,1.0,8,7,低效长尾型二
732,1045,495817671,9630806627,0.0,0,0,,,False,,,False,False,,8,2,低效长尾型
733,1056,495817671,9630806627,1.01,2,1,1.0,,True,2.0,0.505,True,True,0.5,8,7,低效长尾型二
734,1062,495817671,9630806627,0.0,0,0,,,False,,,False,False,,8,2,低效长尾型
735,1089,495817671,9630806627,396.88,330,591,0.5259,419.0,True,0.5583756345177665,1.2026666666666666,True,True,1.790909090909091,8,6,稳定拓展型三
736,1090,495817671,9630806627,14.8,21,22,0.7778,84.0,True,0.9545454545454546,0.7047619047619048,True,True,1.0476190476190477,8,6,稳定拓展型三
737,1092,495817671,9630806627,4.16,3,6,0.6667,251.0,True,0.5,1.3866666666666667,True,True,2.0,8,6,稳定拓展型三
738,1150,495817671,9630806627,33.45,50,47,0.9231,29.0,True,1.0638297872340425,0.669,True,True,0.94,8,6,稳定拓展型三
739,1151,495817671,9630806627,0.0,0,0,,,False,,,False,False,,8,2,低效长尾型
740,1152,495817671,9630806627,20.59,30,29,0.96,65.0,True,1.0344827586206897,0.6863333333333334,True,True,0.9666666666666667,8,6,稳定拓展型三
741,1158,495817671,9630806627,0.0,0,0,,,False,,,False,False,,8,2,低效长尾型
742,1164,495817671,9630806627,237.11,200,369,0.5455,335.0,True,0.5420054200542005,1.18555,True,True,1.845,8,6,稳定拓展型三
743,1185,495817671,9630806627,3.09,4,6,0.75,24.0,True,0.6666666666666666,0.7725,True,True,1.5,8,6,稳定拓展型三
744,1195,495817671,9630806627,0.0,0,0,,,False,,,False,False,,8,2,低效长尾型
745,1207,495817671,9630806627,115.45,90,134,0.8289,91.0,True,0.6716417910447762,1.2827777777777778,True,True,1.488888888888889,8,6,稳定拓展型三
746,1225,495817671,9630806627,0.0,0,0,,,False,,,False,False,,8,2,低效长尾型
747,1229,495817671,9630806627,0.0,0,0,,,False,,,False,False,,8,2,低效长尾型
748,1241,495817671,9630806627,0.0,0,0,,,False,,,False,False,,8,2,低效长尾型
749,1242,495817671,9630806627,10.75,12,11,0.7778,114.0,True,1.0909090909090908,0.8958333333333334,True,True,0.9166666666666666,8,6,稳定拓展型三
750,1243,495817671,9630806627,13.53,13,7,1.0,72.0,True,1.8571428571428572,1.0407692307692307,True,True,0.5384615384615384,8,7,低效长尾型二
751,1265,495817671,9630806627,1.37,2,1,1.0,1.0,True,2.0,0.685,True,True,0.5,8,7,低效长尾型二
752,1287,495817671,9630806627,3.95,6,6,1.0,73.0,True,1.0,0.6583333333333333,True,True,1.0,8,7,低效长尾型二
753,1312,495817671,9630806627,0.0,0,0,,,False,,,False,False,,8,2,低效长尾型
754,1314,495817671,9630806627,14.45,12,18,0.6364,53.0,True,0.6666666666666666,1.2041666666666666,True,True,1.5,8,6,稳定拓展型三
755,1318,495817671,9630806627,0.0,0,0,,,False,,,False,False,,8,2,低效长尾型
756,1364,495817671,9630806627,41.04,62,22,1.0,63.0,True,2.8181818181818183,0.6619354838709677,True,True,0.3548387096774194,8,7,低效长尾型二
757,1365,495817671,9630806627,3.6,5,8,0.75,82.0,True,0.625,0.72,True,True,1.6,8,6,稳定拓展型三
758,1368,495817671,9630806627,0.0,0,0,,,False,,,False,False,,8,2,低效长尾型
759,1377,495817671,9630806627,1.03,1,1,1.0,120.0,True,1.0,1.03,True,True,1.0,8,7,低效长尾型二
760,1390,495817671,9630806627,18.22,25,21,0.9375,68.0,True,1.1904761904761905,0.7288,True,True,0.84,8,6,稳定拓展型三
761,1424,495817671,9630806627,2592.53,2414,145,0.8839,97.0,True,16.648275862068967,1.0739560894780449,True,True,0.06006628003314002,8,4,稳定拓展型二
762,1425,495817671,9630806627,50.01,43,43,0.9091,156.0,True,1.0,1.1630232558139535,True,True,1.0,8,6,稳定拓展型三
763,1437,495817671,9630806627,0.91,1,1,1.0,2.0,True,1.0,0.91,True,True,1.0,8,7,低效长尾型二
764,1438,495817671,9630806627,1912.61,934,966,0.6199,276.0,True,0.9668737060041408,2.0477623126338327,True,True,1.0342612419700214,8,0,高价值转化型
765,1446,495817671,9630806627,0.0,0,0,,,False,,,False,False,,8,2,低效长尾型
766,1458,495817671,9630806627,0.0,0,0,,,False,,,False,False,,8,2,低效长尾型
767,1486,495817671,9630806627,73.03,75,130,0.8333,101.0,True,0.5769230769230769,0.9737333333333333,True,True,1.7333333333333334,8,6,稳定拓展型三
768,1524,495817671,9630806627,5.5,9,6,1.0,49.0,True,1.5,0.6111111111111112,True,True,0.6666666666666666,8,7,低效长尾型二
769,1566,495817671,9630806627,0.93,1,4,0.0,104.0,True,0.25,0.93,True,True,4.0,8,5,潜力挖掘型
770,1575,495817671,9630806627,33.9,202,144,0.5,508.0,True,1.4027777777777777,0.1678217821782178,True,True,0.7128712871287128,8,4,稳定拓展型二
771,1581,495817671,9630806627,17.82,27,20,0.8571,45.0,True,1.35,0.66,True,True,0.7407407407407407,8,6,稳定拓展型三
772,1590,495817671,9630806627,126.84,80,136,0.8281,137.0,True,0.5882352941176471,1.5855000000000001,True,True,1.7,8,6,稳定拓展型三
773,1608,495817671,9630806627,0.89,1,1,1.0,120.0,True,1.0,0.89,True,True,1.0,8,7,低效长尾型二
774,1619,495817671,9630806627,0.0,0,0,,,False,,,False,False,,8,2,低效长尾型
775,1647,495817671,9630806627,0.0,0,0,,,False,,,False,False,,8,2,低效长尾型
776,1649,495817671,9630806627,0.0,0,0,,,False,,,False,False,,8,2,低效长尾型
777,1656,495817671,9630806627,0.51,2,2,1.0,62.0,True,1.0,0.255,True,True,1.0,8,7,低效长尾型二
778,1666,495817671,9630806627,28.78,19,26,0.7,201.0,True,0.7307692307692307,1.5147368421052632,True,True,1.368421052631579,8,6,稳定拓展型三
779,1691,495817671,9630806627,1.24,1,1,1.0,120.0,True,1.0,1.24,True,True,1.0,8,7,低效长尾型二
780,1702,495817671,9630806627,0.0,0,0,,,False,,,False,False,,8,2,低效长尾型
781,1707,495817671,9630806627,50.61,45,3,1.0,80.0,True,15.0,1.1246666666666667,True,True,0.06666666666666667,8,4,稳定拓展型二
782,1723,495817671,9630806627,3.03,5,3,1.0,80.0,True,1.6666666666666667,0.606,True,True,0.6,8,7,低效长尾型二
783,1727,495817671,9630806627,0.0,0,0,,,False,,,False,False,,8,2,低效长尾型
784,1738,495817671,9630806627,162.44,128,148,0.8454,85.0,True,0.8648648648648649,1.2690625,True,True,1.15625,8,6,稳定拓展型三
785,1754,495817671,9630806627,2.05,5,4,1.0,32.0,True,1.25,0.41,True,True,0.8,8,7,低效长尾型二
786,1785,495817671,9630806627,44.38,65,68,0.902,142.0,True,0.9558823529411765,0.6827692307692308,True,True,1.0461538461538462,8,6,稳定拓展型三
787,1786,495817671,9630806627,0.0,0,0,,,False,,,False,False,,8,2,低效长尾型
788,1817,495817671,9630806627,115.52,116,109,0.9186,102.0,True,1.0642201834862386,0.9958620689655172,True,True,0.9396551724137931,8,6,稳定拓展型三
789,1824,495817671,9630806627,4.04,5,5,1.0,106.0,True,1.0,0.808,True,True,1.0,8,7,低效长尾型二
790,1825,495817671,9630806627,0.0,0,0,,,False,,,False,False,,8,2,低效长尾型
791,1844,495817671,9630806627,8.64,13,68,0.6364,329.0,True,0.19117647058823528,0.6646153846153846,True,True,5.230769230769231,8,1,稳定拓展型
792,1853,495817671,9630806627,4.59,8,6,1.0,230.0,True,1.3333333333333333,0.57375,True,True,0.75,8,7,低效长尾型二
793,1914,495817671,9630806627,14.49,9,17,0.8333,202.0,True,0.5294117647058824,1.61,True,True,1.8888888888888888,8,1,稳定拓展型
794,1917,495817671,9630806627,0.0,0,0,,,False,,,False,False,,8,2,低效长尾型
795,1921,495817671,9630806627,0.0,0,0,,,False,,,False,False,,8,2,低效长尾型
796,1924,495817671,9630806627,1649.24,645,683,0.7829,165.0,True,0.9443631039531479,2.5569612403100774,True,True,1.0589147286821705,8,0,高价值转化型
797,1976,495817671,9630806627,58.12,47,46,0.8378,139.0,True,1.0217391304347827,1.236595744680851,True,True,0.9787234042553191,8,6,稳定拓展型三
798,1981,495817671,9630806627,375.87,274,329,0.8894,126.0,True,0.8328267477203647,1.3717883211678832,True,True,1.2007299270072993,8,6,稳定拓展型三
799,1983,495817671,9630806627,5.04,4,5,0.6667,21.0,True,0.8,1.26,True,True,1.25,8,6,稳定拓展型三
800,2019,495817671,9630806627,901.8,964,1186,0.7208,166.0,True,0.8128161888701517,0.9354771784232365,True,True,1.2302904564315353,8,6,稳定拓展型三
801,2036,495817671,9630806627,0.0,0,0,,,False,,,False,False,,8,2,低效长尾型
802,2093,495817671,9630806627,0.0,0,0,,,False,,,False,False,,8,2,低效长尾型
803,2096,495817671,9630806627,5.78,12,18,0.6667,49.0,True,0.6666666666666666,0.4816666666666667,True,True,1.5,8,6,稳定拓展型三
804,2097,495817671,9630806627,0.91,1,0,0.0,,True,,0.91,False,True,0.0,8,5,潜力挖掘型
805,2124,495817671,9630806627,5.91,6,7,0.8333,29.0,True,0.8571428571428571,0.985,True,True,1.1666666666666667,8,6,稳定拓展型三
806,2125,495817671,9630806627,0.15,1,0,0.0,,True,,0.15,False,True,0.0,8,5,潜力挖掘型
807,2128,495817671,9630806627,32.54,38,55,0.8571,125.0,True,0.6909090909090909,0.8563157894736841,True,True,1.4473684210526316,8,6,稳定拓展型三
808,2129,495817671,9630806627,1.95,1,1,1.0,1.0,True,1.0,1.95,True,True,1.0,8,7,低效长尾型二
809,2139,495817671,9630806627,0.0,0,0,,,False,,,False,False,,8,2,低效长尾型
810,2152,495817671,9630806627,18.12,21,38,0.6667,69.0,True,0.5526315789473685,0.8628571428571429,True,True,1.8095238095238095,8,6,稳定拓展型三
811,2176,495817671,9630806627,0.0,0,0,,,False,,,False,False,,8,2,低效长尾型
812,2195,495817671,9630806627,0.65,1,1,1.0,120.0,True,1.0,0.65,True,True,1.0,8,7,低效长尾型二
813,2203,495817671,9630806627,0.78,1,1,1.0,289.0,True,1.0,0.78,True,True,1.0,8,7,低效长尾型二
814,2267,495817671,9630806627,0.0,0,0,,,False,,,False,False,,8,2,低效长尾型
815,2280,495817671,9630806627,13.66,10,8,0.8571,58.0,True,1.25,1.366,True,True,0.8,8,6,稳定拓展型三
816,2320,495817671,9630806627,55.43,61,44,0.9211,101.0,True,1.3863636363636365,0.9086885245901639,True,True,0.7213114754098361,8,6,稳定拓展型三
817,2322,495817671,9630806627,0.0,0,0,,,False,,,False,False,,8,2,低效长尾型
818,2328,495817671,9630806627,0.0,0,0,,,False,,,False,False,,8,2,低效长尾型
819,2354,495817671,9630806627,2.39,2,4,0.0,126.0,True,0.5,1.195,True,True,2.0,8,5,潜力挖掘型
820,2367,495817671,9630806627,3.84,5,4,1.0,64.0,True,1.25,0.768,True,True,0.8,8,7,低效长尾型二
821,2370,495817671,9630806627,0.0,0,0,,,False,,,False,False,,8,2,低效长尾型
822,2381,495817671,9630806627,0.0,0,0,,,False,,,False,False,,8,2,低效长尾型
823,2383,495817671,9630806627,19.2,39,30,0.9655,45.0,True,1.3,0.4923076923076923,True,True,0.7692307692307693,8,4,稳定拓展型二
824,2390,495817671,9630806627,22.25,16,7,0.8333,84.0,True,2.2857142857142856,1.390625,True,True,0.4375,8,4,稳定拓展型二
825,2425,495817671,9630806627,0.0,0,0,,,False,,,False,False,,8,2,低效长尾型
826,2432,495817671,9630806627,2.71,3,3,1.0,8.0,True,1.0,0.9033333333333333,True,True,1.0,8,7,低效长尾型二
827,2438,495817671,9630806627,663.8,552,565,0.7393,236.0,True,0.9769911504424779,1.2025362318840578,True,True,1.0235507246376812,8,6,稳定拓展型三
828,2447,495817671,9630806627,0.0,0,0,,,False,,,False,False,,8,2,低效长尾型
829,2479,495817671,9630806627,0.8,1,1,1.0,120.0,True,1.0,0.8,True,True,1.0,8,7,低效长尾型二
830,2501,495817671,9630806627,15.12,17,17,0.7778,390.0,True,1.0,0.8894117647058823,True,True,1.0,8,6,稳定拓展型三
831,2516,495817671,9630806627,1.29,6,4,1.0,70.0,True,1.5,0.215,True,True,0.6666666666666666,8,7,低效长尾型二
832,2524,495817671,9630806627,20.21,13,13,0.8,45.0,True,1.0,1.5546153846153847,True,True,1.0,8,6,稳定拓展型三
833,2527,495817671,9630806627,2.29,5,0,0.0,,True,,0.458,False,True,0.0,8,5,潜力挖掘型
834,2533,495817671,9630806627,19372.48,19493,16351,0.6791,148.0,True,1.1921595009479542,0.9938172677371364,True,True,0.8388139332067922,8,0,高价值转化型
835,2541,495817671,9630806627,1719.88,695,3422,0.4544,346.0,True,0.20309760374050262,2.4746474820143884,True,True,4.923741007194245,8,0,高价值转化型
836,2586,495817671,9630806627,1676.01,523,808,0.7976,129.0,True,0.6472772277227723,3.204608030592734,True,True,1.5449330783938815,8,0,高价值转化型
837,2587,495817671,9630806627,0.0,0,0,,,False,,,False,False,,8,2,低效长尾型
838,2629,495817671,9630806627,4.43,5,3,1.0,82.0,True,1.6666666666666667,0.8859999999999999,True,True,0.6,8,7,低效长尾型二
839,2633,495817671,9630806627,0.0,0,0,,,False,,,False,False,,8,2,低效长尾型
840,2699,495817671,9630806627,1.08,1,1,1.0,129.0,True,1.0,1.08,True,True,1.0,8,7,低效长尾型二
841,2703,495817671,9630806627,0.0,0,0,,,False,,,False,False,,8,2,低效长尾型
842,2727,495817671,9630806627,11.66,15,15,1.0,45.0,True,1.0,0.7773333333333333,True,True,1.0,8,7,低效长尾型二
843,2738,495817671,9630806627,0.0,0,0,,,False,,,False,False,,8,2,低效长尾型
844,2745,495817671,9630806627,2.05,3,3,1.0,1.0,True,1.0,0.6833333333333332,True,True,1.0,8,7,低效长尾型二
845,2793,495817671,9630806627,17.12,21,19,0.875,102.0,True,1.105263157894737,0.8152380952380953,True,True,0.9047619047619048,8,6,稳定拓展型三
846,2814,495817671,9630806627,2.07,2,2,1.0,62.0,True,1.0,1.035,True,True,1.0,8,7,低效长尾型二
847,2821,495817671,9630806627,1327.25,927,1812,0.7814,140.0,True,0.5115894039735099,1.4317691477885652,True,True,1.9546925566343043,8,6,稳定拓展型三
848,2825,495817671,9630806627,10.3,8,14,0.75,298.0,True,0.5714285714285714,1.2875,True,True,1.75,8,6,稳定拓展型三
849,2855,495817671,9630806627,42.31,55,60,0.8444,60.0,True,0.9166666666666666,0.7692727272727273,True,True,1.0909090909090908,8,6,稳定拓展型三
850,2869,495817671,9630806627,57.95,52,127,0.8409,118.0,True,0.4094488188976378,1.114423076923077,True,True,2.4423076923076925,8,1,稳定拓展型
851,2874,495817671,9630806627,6.68,7,5,1.0,263.0,True,1.4,0.9542857142857143,True,True,0.7142857142857143,8,7,低效长尾型二
852,2891,495817671,9630806627,4.31,6,5,0.6667,115.0,True,1.2,0.7183333333333333,True,True,0.8333333333333334,8,6,稳定拓展型三
853,2892,495817671,9630806627,0.0,0,0,,,False,,,False,False,,8,2,低效长尾型
854,2896,495817671,9630806627,6.25,9,8,1.0,26.0,True,1.125,0.6944444444444444,True,True,0.8888888888888888,8,7,低效长尾型二
855,2898,495817671,9630806627,0.0,0,0,,,False,,,False,False,,8,2,低效长尾型
856,2899,495817671,9630806627,1569.85,1892,1578,0.822,176.0,True,1.1989860583016476,0.82973044397463,True,True,0.8340380549682875,8,6,稳定拓展型三
857,2921,495817671,9630806627,0.0,0,0,,,False,,,False,False,,8,2,低效长尾型
858,2933,495817671,9630806627,2839.7,2473,3691,0.6966,195.0,True,0.6700081278786236,1.1482814395471086,True,True,1.492519207440356,8,6,稳定拓展型三
859,2966,495817671,9630806627,1.5,1,0,0.0,,True,,1.5,False,True,0.0,8,5,潜力挖掘型
860,2987,495817671,9630806627,442.84,485,133,0.9145,111.0,True,3.6466165413533833,0.9130721649484536,True,True,0.27422680412371137,8,4,稳定拓展型二
861,2995,495817671,9630806627,0.0,0,0,,,False,,,False,False,,8,2,低效长尾型
862,2996,495817671,9630806627,0.0,0,0,,,False,,,False,False,,8,2,低效长尾型
863,2997,495817671,9630806627,0.71,1,3,0.0,37.0,True,0.3333333333333333,0.71,True,True,3.0,8,5,潜力挖掘型
864,3008,495817671,9630806627,0.0,0,0,,,False,,,False,False,,8,2,低效长尾型
865,3016,495817671,9630806627,22.59,16,51,0.6875,191.0,True,0.3137254901960784,1.411875,True,True,3.1875,8,1,稳定拓展型
866,3040,495817671,9630806627,1.98,4,4,1.0,65.0,True,1.0,0.495,True,True,1.0,8,7,低效长尾型二
867,3082,495817671,9630806627,5.14,3,16,0.0,403.0,True,0.1875,1.7133333333333332,True,True,5.333333333333333,8,5,潜力挖掘型
868,3101,495817671,9630806627,0.0,0,0,,,False,,,False,False,,8,2,低效长尾型
869,3104,495817671,9630806627,18.62,25,23,1.0,25.0,True,1.0869565217391304,0.7448,True,True,0.92,8,7,低效长尾型二
870,3112,495817671,9630806627,8.5,10,10,1.0,49.0,True,1.0,0.85,True,True,1.0,8,7,低效长尾型二
871,3127,495817671,9630806627,5.8,7,10,0.8,351.0,True,0.7,0.8285714285714285,True,True,1.4285714285714286,8,6,稳定拓展型三
872,3132,495817671,9630806627,36.2,53,318,0.7111,443.0,True,0.16666666666666666,0.6830188679245284,True,True,6.0,8,1,稳定拓展型
873,3135,495817671,9630806627,240.28,168,310,0.8429,186.0,True,0.5419354838709678,1.4302380952380953,True,True,1.8452380952380953,8,6,稳定拓展型三
874,3149,495817671,9630806627,1.86,2,2,1.0,120.0,True,1.0,0.93,True,True,1.0,8,7,低效长尾型二
875,3157,495817671,9630806627,88.98,92,89,0.8857,74.0,True,1.0337078651685394,0.9671739130434783,True,True,0.967391304347826,8,6,稳定拓展型三
876,3170,495817671,9630806627,0.0,0,0,,,False,,,False,False,,8,2,低效长尾型
877,3195,495817671,9630806627,0.0,0,0,,,False,,,False,False,,8,2,低效长尾型
878,3215,495817671,9630806627,203.86,101,1085,0.1604,679.0,True,0.09308755760368663,2.0184158415841584,True,True,10.742574257425742,8,1,稳定拓展型
879,3217,495817671,9630806627,0.0,0,0,,,False,,,False,False,,8,2,低效长尾型
880,3275,495817671,9630806627,0.0,0,0,,,False,,,False,False,,8,2,低效长尾型
881,3303,495817671,9630806627,3.47,3,3,1.0,95.0,True,1.0,1.1566666666666667,True,True,1.0,8,7,低效长尾型二
882,3305,495817671,9630806627,0.0,0,0,,,False,,,False,False,,8,2,低效长尾型
883,3321,495817671,9630806627,0.0,0,0,,,False,,,False,False,,8,2,低效长尾型
884,3323,495817671,9630806627,0.0,0,0,,,False,,,False,False,,8,2,低效长尾型
885,3327,495817671,9630806627,84.29,58,107,0.7917,151.0,True,0.5420560747663551,1.4532758620689656,True,True,1.8448275862068966,8,6,稳定拓展型三
886,3374,495817671,9630806627,0.0,0,0,,,False,,,False,False,,8,2,低效长尾型
887,3382,495817671,9630806627,14.26,18,31,0.6429,90.0,True,0.5806451612903226,0.7922222222222222,True,True,1.7222222222222223,8,6,稳定拓展型三
888,3393,495817671,9630806627,0.0,0,0,,,False,,,False,False,,8,2,低效长尾型
889,3412,495817671,9630806627,77.97,59,72,0.7556,80.0,True,0.8194444444444444,1.3215254237288134,True,True,1.2203389830508475,8,6,稳定拓展型三
890,3416,495817671,9630806627,10.74,8,9,0.875,92.0,True,0.8888888888888888,1.3425,True,True,1.125,8,6,稳定拓展型三
891,3417,495817671,9630806627,15.19,16,49,0.8,478.0,True,0.32653061224489793,0.949375,True,True,3.0625,8,1,稳定拓展型
892,3420,495817671,9630806627,1.26,1,1,1.0,7.0,True,1.0,1.26,True,True,1.0,8,7,低效长尾型二
893,3437,495817671,9630806627,1.98,2,1,1.0,17.0,True,2.0,0.99,True,True,0.5,8,7,低效长尾型二
894,3443,495817671,9630806627,7.46,22,21,1.0,105.0,True,1.0476190476190477,0.3390909090909091,True,True,0.9545454545454546,8,4,稳定拓展型二
895,3497,495817671,9630806627,0.0,0,0,,,False,,,False,False,,8,2,低效长尾型
896,3505,495817671,9630806627,0.5,1,1,1.0,120.0,True,1.0,0.5,True,True,1.0,8,7,低效长尾型二
897,3520,495817671,9630806627,0.0,0,0,,,False,,,False,False,,8,2,低效长尾型
898,3526,495817671,9630806627,29.64,25,39,0.7895,121.0,True,0.6410256410256411,1.1856,True,True,1.56,8,6,稳定拓展型三
899,3533,495817671,9630806627,0.0,0,0,,,False,,,False,False,,8,2,低效长尾型
900,3536,495817671,9630806627,0.0,0,0,,,False,,,False,False,,8,2,低效长尾型
901,3539,495817671,9630806627,0.89,2,120,0.5,5099.0,True,0.016666666666666666,0.445,True,True,60.0,8,1,稳定拓展型
902,3549,495817671,9630806627,14.61,13,9,1.0,52.0,True,1.4444444444444444,1.1238461538461537,True,True,0.6923076923076923,8,7,低效长尾型二
903,3566,495817671,9630806627,0.0,0,0,,,False,,,False,False,,8,2,低效长尾型
904,3567,495817671,9630806627,33494.72,17166,33833,0.6059,185.0,True,0.5073744568912009,1.9512245135733428,True,True,1.97093090993825,8,0,高价值转化型
905,3575,495817671,9630806627,1246.44,197,682,0.6395,291.0,True,0.28885630498533726,6.327106598984772,True,True,3.4619289340101522,8,0,高价值转化型
906,3579,495817671,9630806627,0.0,0,0,,,False,,,False,False,,8,2,低效长尾型
907,3587,495817671,9630806627,1331.48,832,1556,0.586,145.0,True,0.5347043701799485,1.6003365384615384,True,True,1.8701923076923077,8,0,高价值转化型
908,3600,495817671,9630806627,0.0,0,0,,,False,,,False,False,,8,2,低效长尾型
909,3603,495817671,9630806627,0.0,0,0,,,False,,,False,False,,8,2,低效长尾型
910,3652,495817671,9630806627,0.0,0,0,,,False,,,False,False,,8,2,低效长尾型
911,3659,495817671,9630806627,0.0,0,0,,,False,,,False,False,,8,2,低效长尾型
912,3678,495817671,9630806627,3.98,11,11,0.75,127.0,True,1.0,0.3618181818181818,True,True,1.0,8,4,稳定拓展型二
913,3701,495817671,9630806627,0.0,0,0,,,False,,,False,False,,8,2,低效长尾型
914,3714,495817671,9630806627,1.0,1,1,1.0,27.0,True,1.0,1.0,True,True,1.0,8,7,低效长尾型二
915,3731,495817671,9630806627,0.0,0,0,,,False,,,False,False,,8,2,低效长尾型
916,3774,495817671,9630806627,2.56,9,9,0.875,68.0,True,1.0,0.28444444444444444,True,True,1.0,8,4,稳定拓展型二
917,3784,495817671,9630806627,6.91,15,11,1.0,58.0,True,1.3636363636363635,0.46066666666666667,True,True,0.7333333333333333,8,7,低效长尾型二
918,3794,495817671,9630806627,0.0,0,0,,,False,,,False,False,,8,2,低效长尾型
919,3809,495817671,9630806627,17.29,21,27,0.75,107.0,True,0.7777777777777778,0.8233333333333333,True,True,1.2857142857142858,8,6,稳定拓展型三
920,3816,495817671,9630806627,0.0,0,0,,,False,,,False,False,,8,2,低效长尾型
921,3830,495817671,9630806627,53.31,116,129,0.7935,134.0,True,0.8992248062015504,0.4595689655172414,True,True,1.1120689655172413,8,4,稳定拓展型二
922,3842,495817671,9630806627,1.8,2,2,0.0,38.0,True,1.0,0.9,True,True,1.0,8,5,潜力挖掘型
923,3873,495817671,9630806627,1.53,1,4,0.0,118.0,True,0.25,1.53,True,True,4.0,8,5,潜力挖掘型
924,3875,495817671,9630806627,0.0,0,0,,,False,,,False,False,,8,2,低效长尾型
925,3877,495817671,9630806627,1.5,1,1,1.0,2.0,True,1.0,1.5,True,True,1.0,8,7,低效长尾型二
926,3882,495817671,9630806627,2.83,3,3,1.0,25.0,True,1.0,0.9433333333333334,True,True,1.0,8,7,低效长尾型二
927,3905,495817671,9630806627,115.64,57,204,0.5333,419.0,True,0.27941176470588236,2.0287719298245612,True,True,3.5789473684210527,8,1,稳定拓展型
928,3913,495817671,9630806627,0.45,3,1,1.0,120.0,True,3.0,0.15,True,True,0.3333333333333333,8,4,稳定拓展型二
929,3936,495817671,9630806627,0.0,0,0,,,False,,,False,False,,8,2,低效长尾型
930,3964,495817671,9630806627,15.17,14,36,0.6,197.0,True,0.3888888888888889,1.0835714285714286,True,True,2.5714285714285716,8,1,稳定拓展型
931,3973,495817671,9630806627,7.09,8,7,1.0,50.0,True,1.1428571428571428,0.88625,True,True,0.875,8,7,低效长尾型二
932,3989,495817671,9630806627,8240.76,1204,10226,0.1738,567.0,True,0.11773909642088794,6.844485049833887,True,True,8.493355481727574,8,0,高价值转化型
933,4001,495817671,9630806627,1.61,2,2,1.0,120.0,True,1.0,0.805,True,True,1.0,8,7,低效长尾型二
934,4002,495817671,9630806627,194.96,150,388,0.68,321.0,True,0.3865979381443299,1.2997333333333334,True,True,2.5866666666666664,8,1,稳定拓展型
935,4006,495817671,9630806627,0.0,0,0,,,False,,,False,False,,8,2,低效长尾型
936,4016,495817671,9630806627,5.08,4,21,0.75,565.0,True,0.19047619047619047,1.27,True,True,5.25,8,1,稳定拓展型
937,4025,495817671,9630806627,0.0,0,0,,,False,,,False,False,,8,2,低效长尾型
938,4054,495817671,9630806627,1793.1,669,1298,0.7342,146.0,True,0.5154083204930663,2.680269058295964,True,True,1.9402092675635276,8,0,高价值转化型
939,4056,495817671,9630806627,5.66,7,4,1.0,11.0,True,1.75,0.8085714285714286,True,True,0.5714285714285714,8,7,低效长尾型二
940,4076,495817671,9630806627,0.0,0,0,,,False,,,False,False,,8,2,低效长尾型
941,4110,495817671,9630806627,1.55,5,4,1.0,62.0,True,1.25,0.31,True,True,0.8,8,7,低效长尾型二
942,4128,495817671,9630806627,0.0,0,0,,,False,,,False,False,,8,2,低效长尾型
943,4158,495817671,9630806627,11.34,13,17,0.6667,301.0,True,0.7647058823529411,0.8723076923076923,True,True,1.3076923076923077,8,6,稳定拓展型三
944,4173,495817671,9630806627,27.6,28,50,0.88,170.0,True,0.56,0.9857142857142858,True,True,1.7857142857142858,8,6,稳定拓展型三
945,4177,495817671,9630806627,1.93,2,1,1.0,24.0,True,2.0,0.965,True,True,0.5,8,7,低效长尾型二
946,4189,495817671,9630806627,0.0,0,0,,,False,,,False,False,,8,2,低效长尾型
947,4190,495817671,9630806627,21.98,25,49,0.4762,87.0,True,0.5102040816326531,0.8792,True,True,1.96,8,1,稳定拓展型
948,4244,495817671,9630806627,14.34,17,46,0.9375,181.0,True,0.3695652173913043,0.8435294117647059,True,True,2.7058823529411766,8,1,稳定拓展型
949,4256,495817671,9630806627,187.93,58,100,0.8125,194.0,True,0.58,3.2401724137931036,True,True,1.7241379310344827,8,0,高价值转化型
950,4258,495817671,9630806627,0.0,0,0,,,False,,,False,False,,8,2,低效长尾型
951,4280,495817671,9630806627,19.71,26,27,0.913,58.0,True,0.9629629629629629,0.7580769230769231,True,True,1.0384615384615385,8,6,稳定拓展型三
952,4286,495817671,9630806627,1.71,1,11,0.0,230.0,True,0.09090909090909091,1.71,True,True,11.0,8,5,潜力挖掘型
953,4326,495817671,9630806627,0.0,0,0,,,False,,,False,False,,8,2,低效长尾型
954,4331,495817671,9630806627,10.97,13,23,0.9167,162.0,True,0.5652173913043478,0.8438461538461539,True,True,1.7692307692307692,8,6,稳定拓展型三
955,4350,495817671,9630806627,0.0,0,0,,,False,,,False,False,,8,2,低效长尾型
956,4355,495817671,9630806627,19.69,16,32,0.8182,263.0,True,0.5,1.230625,True,True,2.0,8,6,稳定拓展型三
957,4364,495817671,9630806627,0.0,0,0,,,False,,,False,False,,8,2,低效长尾型
958,4419,495817671,9630806627,0.0,0,0,,,False,,,False,False,,8,2,低效长尾型
959,4447,495817671,9630806627,0.0,0,0,,,False,,,False,False,,8,2,低效长尾型
960,4467,495817671,9630806627,9.91,17,14,0.9231,32.0,True,1.2142857142857142,0.5829411764705883,True,True,0.8235294117647058,8,6,稳定拓展型三
961,4480,495817671,9630806627,0.0,0,0,,,False,,,False,False,,8,2,低效长尾型
962,4522,495817671,9630806627,0.0,0,0,,,False,,,False,False,,8,2,低效长尾型
963,4538,495817671,9630806627,5.54,4,2,1.0,4.0,True,2.0,1.385,True,True,0.5,8,7,低效长尾型二
964,4539,495817671,9630806627,25.13,28,25,0.9048,56.0,True,1.12,0.8975,True,True,0.8928571428571429,8,6,稳定拓展型三
965,4541,495817671,9630806627,0.0,0,0,,,False,,,False,False,,8,2,低效长尾型
966,4546,495817671,9630806627,33.96,44,38,0.9259,82.0,True,1.1578947368421053,0.7718181818181818,True,True,0.8636363636363636,8,6,稳定拓展型三
967,4563,495817671,9630806627,1429.75,374,522,0.854,130.0,True,0.7164750957854407,3.822860962566845,True,True,1.3957219251336899,8,0,高价值转化型
968,4579,495817671,9630806627,193.14,89,82,0.9048,94.0,True,1.0853658536585367,2.170112359550562,True,True,0.9213483146067416,8,0,高价值转化型
969,4593,495817671,9630806627,5.08,6,11,0.4,63.0,True,0.5454545454545454,0.8466666666666667,True,True,1.8333333333333333,8,1,稳定拓展型
970,4606,495817671,9630806627,1.3,1,0,0.0,,True,,1.3,False,True,0.0,8,5,潜力挖掘型
971,4613,495817671,9630806627,0.0,0,0,,,False,,,False,False,,8,2,低效长尾型
972,4625,495817671,9630806627,0.0,0,0,,,False,,,False,False,,8,2,低效长尾型
973,4652,495817671,9630806627,194.44,90,101,0.8378,73.0,True,0.8910891089108911,2.1604444444444444,True,True,1.1222222222222222,8,0,高价值转化型
974,4688,495817671,9630806627,2.48,5,9,0.6667,638.0,True,0.5555555555555556,0.496,True,True,1.8,8,6,稳定拓展型三
975,4718,495817671,9630806627,1.41,1,0,0.0,,True,,1.41,False,True,0.0,8,5,潜力挖掘型
976,4721,495817671,9630806627,18.53,32,59,0.72,191.0,True,0.5423728813559322,0.5790625,True,True,1.84375,8,1,稳定拓展型
977,4735,495817671,9630806627,8.0,12,12,0.9,54.0,True,1.0,0.6666666666666666,True,True,1.0,8,6,稳定拓展型三
978,4751,495817671,9630806627,453.98,133,230,0.7905,180.0,True,0.5782608695652174,3.4133834586466167,True,True,1.7293233082706767,8,0,高价值转化型
979,4760,495817671,9630806627,2556.38,436,1281,0.7647,242.0,True,0.3403590944574551,5.863256880733945,True,True,2.938073394495413,8,0,高价值转化型
980,4762,495817671,9630806627,3.14,7,5,1.0,293.0,True,1.4,0.44857142857142857,True,True,0.7142857142857143,8,7,低效长尾型二
981,4763,495817671,9630806627,0.0,0,0,,,False,,,False,False,,8,2,低效长尾型
982,4776,495817671,9630806627,17.93,25,29,0.9,44.0,True,0.8620689655172413,0.7172,True,True,1.16,8,6,稳定拓展型三
983,4782,495817671,9630806627,42.62,45,50,0.8857,76.0,True,0.9,0.947111111111111,True,True,1.1111111111111112,8,6,稳定拓展型三
984,4804,495817671,9630806627,24.55,27,65,0.619,96.0,True,0.4153846153846154,0.9092592592592593,True,True,2.4074074074074074,8,1,稳定拓展型
985,4807,495817671,9630806627,0.31,1,6,0.0,117.0,True,0.16666666666666666,0.31,True,True,6.0,8,5,潜力挖掘型
986,4828,495817671,9630806627,159.62,47,88,0.7857,201.0,True,0.5340909090909091,3.3961702127659574,True,True,1.872340425531915,8,0,高价值转化型
987,4830,495817671,9630806627,0.0,0,0,,,False,,,False,False,,8,2,低效长尾型
988,4832,495817671,9630806627,171.45,73,180,0.7231,162.0,True,0.40555555555555556,2.3486301369863014,True,True,2.4657534246575343,8,1,稳定拓展型
989,4843,495817671,9630806627,12.41,21,22,0.9444,46.0,True,0.9545454545454546,0.590952380952381,True,True,1.0476190476190477,8,6,稳定拓展型三
990,4854,495817671,9630806627,7.17,12,10,1.0,58.0,True,1.2,0.5975,True,True,0.8333333333333334,8,7,低效长尾型二
991,4870,495817671,9630806627,0.0,0,0,,,False,,,False,False,,8,2,低效长尾型
992,4887,495817671,9630806627,167.05,190,239,0.8592,128.0,True,0.7949790794979079,0.8792105263157896,True,True,1.2578947368421052,8,6,稳定拓展型三
993,4923,495817671,9630806627,2.4,3,14,0.3333,244.0,True,0.21428571428571427,0.7999999999999999,True,True,4.666666666666667,8,1,稳定拓展型
994,4927,495817671,9630806627,150.07,36,45,0.72,193.0,True,0.8,4.168611111111111,True,True,1.25,8,0,高价值转化型
995,4931,495817671,9630806627,1.62,3,2,1.0,62.0,True,1.5,0.54,True,True,0.6666666666666666,8,7,低效长尾型二
996,4949,495817671,9630806627,0.0,0,0,,,False,,,False,False,,8,2,低效长尾型
997,4995,495817671,9630806627,182.38,142,50,0.8537,105.0,True,2.84,1.2843661971830986,True,True,0.352112676056338,8,4,稳定拓展型二
998,5009,495817671,9630806627,2.96,5,8,0.75,60.0,True,0.625,0.592,True,True,1.6,8,6,稳定拓展型三
999,5027,495817671,9630806627,0.1,1,1,1.0,120.0,True,1.0,0.1,True,True,1.0,8,7,低效长尾型二
1000,5038,495817671,9630806627,0.0,0,0,,,False,,,False,False,,8,2,低效长尾型
1001,5048,495817671,9630806627,2.15,3,1,1.0,3.0,True,3.0,0.7166666666666667,True,True,0.3333333333333333,8,7,低效长尾型二
1002,5050,495817671,9630806627,13.37,21,16,1.0,35.0,True,1.3125,0.6366666666666666,True,True,0.7619047619047619,8,7,低效长尾型二
1003,5061,495817671,9630806627,1.26,1,1,1.0,120.0,True,1.0,1.26,True,True,1.0,8,7,低效长尾型二
1004,5071,495817671,9630806627,0.0,0,0,,,False,,,False,False,,8,2,低效长尾型
1005,5082,495817671,9630806627,0.74,1,0,0.0,,True,,0.74,False,True,0.0,8,5,潜力挖掘型
1006,5122,495817671,9630806627,0.0,0,0,,,False,,,False,False,,8,2,低效长尾型
1007,5126,495817671,9630806627,0.0,0,0,,,False,,,False,False,,8,2,低效长尾型
1008,5194,495817671,9630806627,1244.51,197,219,0.9338,118.0,True,0.8995433789954338,6.3173096446700505,True,True,1.1116751269035532,8,0,高价值转化型
1009,5199,495817671,9630806627,2.75,2,3,0.5,4.0,True,0.6666666666666666,1.375,True,True,1.5,8,6,稳定拓展型三
1010,5210,495817671,9630806627,12400.94,6640,12836,0.408,379.0,True,0.5172951075101277,1.8676114457831325,True,True,1.933132530120482,8,0,高价值转化型
1011,5259,495817671,9630806627,0.0,0,0,,,False,,,False,False,,8,2,低效长尾型
1012,5272,495817671,9630806627,0.0,0,0,,,False,,,False,False,,8,2,低效长尾型
1013,5273,495817671,9630806627,0.36,1,1,1.0,1.0,True,1.0,0.36,True,True,1.0,8,7,低效长尾型二
1014,5274,495817671,9630806627,0.0,0,0,,,False,,,False,False,,8,2,低效长尾型
1015,5280,495817671,9630806627,0.0,0,0,,,False,,,False,False,,8,2,低效长尾型
1016,5282,495817671,9630806627,0.0,0,0,,,False,,,False,False,,8,2,低效长尾型
1017,5284,495817671,9630806627,0.91,1,1,1.0,4.0,True,1.0,0.91,True,True,1.0,8,7,低效长尾型二
1018,5288,495817671,9630806627,41.91,24,24,0.9375,61.0,True,1.0,1.7462499999999999,True,True,1.0,8,6,稳定拓展型三
1019,5304,495817671,9630806627,299.99,77,371,0.5352,293.0,True,0.20754716981132076,3.8959740259740263,True,True,4.818181818181818,8,0,高价值转化型
1020,5308,495817671,9630806627,0.0,0,0,,,False,,,False,False,,8,2,低效长尾型
1021,5345,495817671,9630806627,140.22,49,122,0.7429,246.0,True,0.4016393442622951,2.8616326530612244,True,True,2.489795918367347,8,1,稳定拓展型
1022,5406,495817671,9630806627,0.0,0,0,,,False,,,False,False,,8,2,低效长尾型
1023,5428,495817671,9630806627,3.11,4,3,1.0,7.0,True,1.3333333333333333,0.7775,True,True,0.75,8,7,低效长尾型二
1024,5431,495817671,9630806627,0.0,0,0,,,False,,,False,False,,8,2,低效长尾型
1025,5486,495817671,9630806627,1121.76,52,93,0.7955,234.0,True,0.5591397849462365,21.572307692307692,True,True,1.7884615384615385,8,0,高价值转化型
1026,5493,495817671,9630806627,6217.86,3852,3190,0.8329,153.0,True,1.2075235109717868,1.6141900311526478,True,True,0.828141225337487,8,6,稳定拓展型三
1027,5501,495817671,9630806627,0.59,1,1,1.0,2.0,True,1.0,0.59,True,True,1.0,8,7,低效长尾型二
1028,5527,495817671,9630806627,13.68,35,47,0.9643,90.0,True,0.7446808510638298,0.39085714285714285,True,True,1.3428571428571427,8,4,稳定拓展型二
1029,5550,495817671,9630806627,0.0,0,0,,,False,,,False,False,,8,2,低效长尾型
1030,5588,495817671,9630806627,0.0,0,0,,,False,,,False,False,,8,2,低效长尾型
1031,5602,495817671,9630806627,1.5,1,1,1.0,524.0,True,1.0,1.5,True,True,1.0,8,7,低效长尾型二
1032,5621,495817671,9630806627,200.67,223,215,0.9398,63.0,True,1.0372093023255815,0.8998654708520178,True,True,0.9641255605381166,8,6,稳定拓展型三
1033,5626,495817671,9630806627,1662.23,1045,802,0.868,137.0,True,1.3029925187032418,1.5906507177033493,True,True,0.7674641148325358,8,6,稳定拓展型三
1034,5630,495817671,9630806627,5131.63,5913,4780,0.9174,91.0,True,1.2370292887029288,0.8678555724674446,True,True,0.8083882969727718,8,6,稳定拓展型三
1035,5653,495817671,9630806627,13.05,16,26,0.9286,72.0,True,0.6153846153846154,0.815625,True,True,1.625,8,6,稳定拓展型三
1036,5655,495817671,9630806627,3.04,5,4,1.0,63.0,True,1.25,0.608,True,True,0.8,8,7,低效长尾型二
1037,5661,495817671,9630806627,0.0,0,0,,,False,,,False,False,,8,2,低效长尾型
1038,5672,495817671,9630806627,0.0,0,0,,,False,,,False,False,,8,2,低效长尾型
1039,5679,495817671,9630806627,28.92,27,42,0.8261,109.0,True,0.6428571428571429,1.0711111111111111,True,True,1.5555555555555556,8,6,稳定拓展型三
1040,5696,495817671,9630806627,0.0,0,0,,,False,,,False,False,,8,2,低效长尾型
1041,5702,495817671,9630806627,924.69,93,107,0.8919,96.0,True,0.8691588785046729,9.942903225806452,True,True,1.1505376344086022,8,0,高价值转化型
1042,5713,495817671,9630806627,42.48,38,52,0.875,60.0,True,0.7307692307692307,1.1178947368421053,True,True,1.368421052631579,8,6,稳定拓展型三
1043,5721,495817671,9630806627,0.0,0,0,,,False,,,False,False,,8,2,低效长尾型
1044,5723,495817671,9630806627,16.57,18,13,1.0,93.0,True,1.3846153846153846,0.9205555555555556,True,True,0.7222222222222222,8,7,低效长尾型二
1045,5734,495817671,9630806627,4.55,4,7,0.75,93.0,True,0.5714285714285714,1.1375,True,True,1.75,8,6,稳定拓展型三
1046,5742,495817671,9630806627,1.27,1,1,1.0,4.0,True,1.0,1.27,True,True,1.0,8,7,低效长尾型二
1047,5767,495817671,9630806627,18.66,14,12,0.9091,48.0,True,1.1666666666666667,1.332857142857143,True,True,0.8571428571428571,8,6,稳定拓展型三
1048,5783,495817671,9630806627,170.77,117,128,0.8571,129.0,True,0.9140625,1.4595726495726498,True,True,1.0940170940170941,8,6,稳定拓展型三
1049,5787,495817671,9630806627,0.0,0,0,,,False,,,False,False,,8,2,低效长尾型
1050,5795,495817671,9630806627,1.29,1,1,1.0,1.0,True,1.0,1.29,True,True,1.0,8,7,低效长尾型二
1051,5813,495817671,9630806627,2.31,3,3,1.0,43.0,True,1.0,0.77,True,True,1.0,8,7,低效长尾型二
1052,5831,495817671,9630806627,0.0,0,0,,,False,,,False,False,,8,2,低效长尾型
1053,5832,495817671,9630806627,5.52,8,6,1.0,25.0,True,1.3333333333333333,0.69,True,True,0.75,8,7,低效长尾型二
1054,5833,495817671,9630806627,0.0,0,0,,,False,,,False,False,,8,2,低效长尾型
1055,5834,495817671,9630806627,1229.83,157,191,0.8879,160.0,True,0.8219895287958116,7.833312101910828,True,True,1.21656050955414,8,0,高价值转化型
1056,5862,495817671,9630806627,0.0,0,0,,,False,,,False,False,,8,2,低效长尾型
1057,5870,495817671,9630806627,7.27,11,10,1.0,28.0,True,1.1,0.6609090909090909,True,True,0.9090909090909091,8,7,低效长尾型二
1058,5895,495817671,9630806627,40.9,33,22,0.95,46.0,True,1.5,1.2393939393939393,True,True,0.6666666666666666,8,6,稳定拓展型三
1059,5917,495817671,9630806627,0.0,0,0,,,False,,,False,False,,8,2,低效长尾型
1060,5944,495817671,9630806627,0.0,0,0,,,False,,,False,False,,8,2,低效长尾型
1061,5964,495817671,9630806627,0.0,0,0,,,False,,,False,False,,8,2,低效长尾型
1062,5980,495817671,9630806627,9.57,8,6,1.0,43.0,True,1.3333333333333333,1.19625,True,True,0.75,8,7,低效长尾型二
1063,6004,495817671,9630806627,42.67,39,74,0.8065,126.0,True,0.527027027027027,1.0941025641025641,True,True,1.8974358974358974,8,6,稳定拓展型三
1064,6069,495817671,9630806627,0.0,0,0,,,False,,,False,False,,8,2,低效长尾型
1065,6076,495817671,9630806627,0.0,0,0,,,False,,,False,False,,8,2,低效长尾型
1066,6091,495817671,9630806627,6.28,7,45,0.5,466.0,True,0.15555555555555556,0.8971428571428571,True,True,6.428571428571429,8,1,稳定拓展型
1067,6095,495817671,9630806627,0.0,0,0,,,False,,,False,False,,8,2,低效长尾型
1068,6119,495817671,9630806627,1007.59,169,182,0.8915,86.0,True,0.9285714285714286,5.96207100591716,True,True,1.0769230769230769,8,0,高价值转化型
1069,6133,495817671,9630806627,76.35,40,98,0.575,173.0,True,0.40816326530612246,1.90875,True,True,2.45,8,1,稳定拓展型
1070,6148,495817671,9630806627,12.03,14,19,0.8462,51.0,True,0.7368421052631579,0.8592857142857142,True,True,1.3571428571428572,8,6,稳定拓展型三
1071,6154,495817671,9630806627,4.51,6,5,1.0,34.0,True,1.2,0.7516666666666666,True,True,0.8333333333333334,8,7,低效长尾型二
1072,6157,495817671,9630806627,6.75,7,17,0.6,366.0,True,0.4117647058823529,0.9642857142857143,True,True,2.4285714285714284,8,1,稳定拓展型
1073,6159,495817671,9630806627,2951.62,1910,1493,0.8262,168.0,True,1.2793034159410583,1.5453507853403141,True,True,0.7816753926701571,8,6,稳定拓展型三
1074,6203,495817671,9630806627,0.0,0,0,,,False,,,False,False,,8,2,低效长尾型
1075,6209,495817671,9630806627,7.2,4,3,1.0,2.0,True,1.3333333333333333,1.8,True,True,0.75,8,7,低效长尾型二
1076,6210,495817671,9630806627,0.0,0,0,,,False,,,False,False,,8,2,低效长尾型
1077,6250,495817671,9630806627,3.0,3,3,1.0,80.0,True,1.0,1.0,True,True,1.0,8,7,低效长尾型二
1078,6256,495817671,9630806627,127.35,41,59,0.8235,125.0,True,0.6949152542372882,3.1060975609756096,True,True,1.4390243902439024,8,0,高价值转化型
1079,6259,495817671,9630806627,0.0,0,0,,,False,,,False,False,,8,2,低效长尾型
1080,6261,495817671,9630806627,136.68,48,89,0.619,635.0,True,0.5393258426966292,2.8475,True,True,1.8541666666666667,8,0,高价值转化型
1081,6270,495817671,9630806627,0.9,2,1,1.0,5.0,True,2.0,0.45,True,True,0.5,8,7,低效长尾型二
1082,6280,495817671,9630806627,3.71,4,4,1.0,24.0,True,1.0,0.9275,True,True,1.0,8,7,低效长尾型二
1083,6315,495817671,9630806627,20.1,21,16,1.0,100.0,True,1.3125,0.9571428571428572,True,True,0.7619047619047619,8,7,低效长尾型二
1084,6360,495817671,9630806627,31984.96,19838,39158,0.6224,273.0,True,0.506614229531641,1.6123076923076922,True,True,1.9738884968242767,8,0,高价值转化型
1085,6378,495817671,9630806627,1.85,3,2,1.0,5.0,True,1.5,0.6166666666666667,True,True,0.6666666666666666,8,7,低效长尾型二
1086,6390,495817671,9630806627,0.0,0,0,,,False,,,False,False,,8,2,低效长尾型
1087,6435,495817671,9630806627,0.0,0,0,,,False,,,False,False,,8,2,低效长尾型
1088,6436,495817671,9630806627,0.0,0,0,,,False,,,False,False,,8,2,低效长尾型
1089,6463,495817671,9630806627,127.09,21,177,0.4091,401.0,True,0.11864406779661017,6.051904761904762,True,True,8.428571428571429,8,0,高价值转化型
1090,6474,495817671,9630806627,23.07,18,34,0.625,273.0,True,0.5294117647058824,1.2816666666666667,True,True,1.8888888888888888,8,6,稳定拓展型三
1091,6486,495817671,9630806627,186.06,55,295,0.463,267.0,True,0.1864406779661017,3.382909090909091,True,True,5.363636363636363,8,0,高价值转化型
1092,6489,495817671,9630806627,1542.48,551,581,0.8906,109.0,True,0.9483648881239243,2.799419237749546,True,True,1.0544464609800364,8,0,高价值转化型
1093,6500,495817671,9630806627,0.0,0,0,,,False,,,False,False,,8,2,低效长尾型
1094,6504,495817671,9630806627,269.55,136,212,0.814,184.0,True,0.6415094339622641,1.9819852941176472,True,True,1.5588235294117647,8,1,稳定拓展型
1095,6505,495817671,9630806627,0.0,0,0,,,False,,,False,False,,8,2,低效长尾型
1096,6510,495817671,9630806627,45.13,28,155,0.3333,517.0,True,0.18064516129032257,1.6117857142857144,True,True,5.535714285714286,8,1,稳定拓展型
1097,6514,495817671,9630806627,0.0,0,0,,,False,,,False,False,,8,2,低效长尾型
1098,6538,495817671,9630806627,1.11,1,1,1.0,9.0,True,1.0,1.11,True,True,1.0,8,7,低效长尾型二
1099,6548,495817671,9630806627,0.0,0,0,,,False,,,False,False,,8,2,低效长尾型
1100,6549,495817671,9630806627,0.0,0,0,,,False,,,False,False,,8,2,低效长尾型
1101,6578,495817671,9630806627,9.86,32,3,1.0,18.0,True,10.666666666666666,0.308125,True,True,0.09375,8,4,稳定拓展型二
1102,6596,495817671,9630806627,1.48,3,1,1.0,1.0,True,3.0,0.49333333333333335,True,True,0.3333333333333333,8,7,低效长尾型二
1103,6607,495817671,9630806627,0.0,0,0,,,False,,,False,False,,8,2,低效长尾型
1104,6617,495817671,9630806627,17.81,11,19,0.7,324.0,True,0.5789473684210527,1.619090909090909,True,True,1.7272727272727273,8,1,稳定拓展型
1105,434,500635396,9657930100,18.54,7,12,0.7143,50.0,True,0.5833333333333334,2.6485714285714286,True,True,1.7142857142857142,8,1,稳定拓展型
1106,509,500635396,9657930100,2532.96,350,889,0.5478,192.0,True,0.3937007874015748,7.237028571428572,True,True,2.54,8,0,高价值转化型
1107,797,500635396,9657930100,8332.06,3712,9168,0.6722,213.0,True,0.4048865619546248,2.2446282327586204,True,True,2.4698275862068964,8,0,高价值转化型
1108,844,500635396,9657930100,38287.88,15931,48781,0.5177,229.0,True,0.3265820708882557,2.4033569769631535,True,True,3.0620174502542215,8,0,高价值转化型
1109,861,500635396,9657930100,4227.49,768,2244,0.5787,239.0,True,0.3422459893048128,5.504544270833333,True,True,2.921875,8,0,高价值转化型
1110,919,500635396,9657930100,0.0,0,0,,,False,,,False,False,,8,2,低效长尾型
1111,998,500635396,9657930100,2.91,1,3,0.0,189.0,True,0.3333333333333333,2.91,True,True,3.0,8,5,潜力挖掘型
1112,1380,500635396,9657930100,0.0,0,0,,,False,,,False,False,,8,2,低效长尾型
1113,1934,500635396,9657930100,4656.78,2449,5135,0.6731,189.0,True,0.47692307692307695,1.9015026541445488,True,True,2.096774193548387,8,0,高价值转化型
1114,1998,500635396,9657930100,418.66,97,484,0.494,369.0,True,0.20041322314049587,4.316082474226804,True,True,4.989690721649485,8,0,高价值转化型
1115,2253,500635396,9657930100,70.6,27,62,0.6364,295.0,True,0.43548387096774194,2.6148148148148147,True,True,2.2962962962962963,8,1,稳定拓展型
1116,2531,500635396,9657930100,0.0,0,0,,,False,,,False,False,,8,2,低效长尾型
1117,2533,500635396,9657930100,172871.87,59522,156572,0.5621,222.0,True,0.3801573716884245,2.9043357078055174,True,True,2.6304895668828334,8,0,高价值转化型
1118,2818,500635396,9657930100,13968.87,6980,12860,0.6439,136.0,True,0.5427682737169518,2.0012707736389688,True,True,1.842406876790831,8,0,高价值转化型
1119,2832,500635396,9657930100,164553.1,74970,173306,0.5672,212.0,True,0.43258744648194525,2.194919301053755,True,True,2.3116713352007467,8,0,高价值转化型
1120,2874,500635396,9657930100,103832.28,39270,110134,0.5535,234.0,True,0.3565656382225289,2.644061115355233,True,True,2.804532722179781,8,0,高价值转化型
1121,2992,500635396,9657930100,10.54,3,38,0.0,686.0,True,0.07894736842105263,3.513333333333333,True,True,12.666666666666666,8,5,潜力挖掘型
1122,3324,500635396,9657930100,0.0,0,0,,,False,,,False,False,,8,2,低效长尾型
1123,3366,500635396,9657930100,513.5,239,700,0.5176,236.0,True,0.3414285714285714,2.1485355648535567,True,True,2.928870292887029,8,1,稳定拓展型
1124,3408,500635396,9657930100,12956.21,6733,12890,0.5714,229.0,True,0.5223429014740109,1.9242848655874052,True,True,1.9144512104559632,8,0,高价值转化型
1125,3567,500635396,9657930100,38819.52,16735,32505,0.6115,175.0,True,0.5148438701738194,2.3196605915745443,True,True,1.9423364206752316,8,0,高价值转化型
1126,3587,500635396,9657930100,7.03,6,11,0.3333,77.0,True,0.5454545454545454,1.1716666666666666,True,True,1.8333333333333333,8,1,稳定拓展型
1127,3935,500635396,9657930100,0.0,0,0,,,False,,,False,False,,8,2,低效长尾型
1128,4127,500635396,9657930100,20.95,13,14,0.8333,46.0,True,0.9285714285714286,1.6115384615384616,True,True,1.0769230769230769,8,6,稳定拓展型三
1129,4196,500635396,9657930100,657.56,352,563,0.659,152.0,True,0.6252220248667851,1.8680681818181817,True,True,1.5994318181818181,8,0,高价值转化型
1130,4482,500635396,9657930100,1556.31,396,1005,0.6404,197.0,True,0.3940298507462687,3.9300757575757572,True,True,2.537878787878788,8,0,高价值转化型
1131,4491,500635396,9657930100,0.0,0,0,,,False,,,False,False,,8,2,低效长尾型
1132,4536,500635396,9657930100,48121.97,23315,52173,0.575,196.0,True,0.44687865370977325,2.063991850739867,True,True,2.237743941668454,8,0,高价值转化型
1133,4721,500635396,9657930100,72765.96,23486,55320,0.57,222.0,True,0.4245480838756327,3.0982696074257006,True,True,2.355445797496381,8,0,高价值转化型
1134,4766,500635396,9657930100,83.21,22,40,0.625,101.0,True,0.55,3.782272727272727,True,True,1.8181818181818181,8,0,高价值转化型
1135,5166,500635396,9657930100,3.88,1,1,1.0,120.0,True,1.0,3.88,True,True,1.0,8,0,高价值转化型
1136,5331,500635396,9657930100,4160.45,2130,3953,0.7037,152.0,True,0.5388312673918543,1.953262910798122,True,True,1.8558685446009389,8,0,高价值转化型
1137,5337,500635396,9657930100,727.12,260,711,0.5821,193.0,True,0.3656821378340366,2.7966153846153845,True,True,2.7346153846153847,8,0,高价值转化型
1138,5553,500635396,9657930100,71798.68,51724,100920,0.5765,187.0,True,0.5125247720967102,1.3881115149640397,True,True,1.9511252030005413,8,0,高价值转化型
1139,5573,500635396,9657930100,10656.71,10553,10503,0.5927,209.0,True,1.004760544606303,1.009827537193215,True,True,0.9952620108026153,8,0,高价值转化型
1140,5867,500635396,9657930100,24613.57,15146,13988,0.5599,213.0,True,1.0827852444952817,1.6250871517232273,True,True,0.9235441700779083,8,0,高价值转化型
1141,5874,500635396,9657930100,18.64,22,61,0.6,100.0,True,0.36065573770491804,0.8472727272727273,True,True,2.772727272727273,8,1,稳定拓展型
1142,6001,500635396,9657930100,182.78,71,244,0.5385,327.0,True,0.29098360655737704,2.5743661971830987,True,True,3.436619718309859,8,1,稳定拓展型
1143,6023,500635396,9657930100,344.18,149,280,0.6667,207.0,True,0.5321428571428571,2.3099328859060404,True,True,1.8791946308724832,8,1,稳定拓展型
1144,6133,500635396,9657930100,2.08,2,2,1.0,120.0,True,1.0,1.04,True,True,1.0,8,7,低效长尾型二
1145,6180,500635396,9657930100,1896.27,400,1364,0.4804,337.0,True,0.2932551319648094,4.7406749999999995,True,True,3.41,8,0,高价值转化型
1146,6271,500635396,9657930100,17.47,11,9,1.0,53.0,True,1.2222222222222223,1.5881818181818181,True,True,0.8181818181818182,8,7,低效长尾型二
1147,6434,500635396,9657930100,89.74,49,76,0.7619,68.0,True,0.6447368421052632,1.8314285714285714,True,True,1.5510204081632653,8,1,稳定拓展型
1148,6452,500635396,9657930100,5.59,5,4,1.0,33.0,True,1.25,1.1179999999999999,True,True,0.8,8,7,低效长尾型二
1149,6660,500635396,9657930100,4349.38,2727,5333,0.7072,181.0,True,0.5113444590286893,1.594932159882655,True,True,1.9556288962229555,8,0,高价值转化型
1150,373,500635396,9700005700,0.0,0,0,,,False,,,False,False,,8,2,低效长尾型
1151,389,500635396,9700005700,6387.87,4897,24764,0.7273,68.0,True,0.19774672912292038,1.3044455789258729,True,True,5.05697365734123,8,0,高价值转化型
1152,416,500635396,9700005700,2417.24,1207,507,0.6579,186.0,True,2.380670611439842,2.0026843413421704,True,True,0.420049710024855,8,4,稳定拓展型二
1153,459,500635396,9700005700,0.0,0,0,,,False,,,False,False,,8,2,低效长尾型
1154,1191,500635396,9700005700,0.0,0,0,,,False,,,False,False,,8,2,低效长尾型
1155,1800,500635396,9700005700,0.0,0,0,,,False,,,False,False,,8,2,低效长尾型
1156,1900,500635396,9700005700,0.8,1,1,1.0,13.0,True,1.0,0.8,True,True,1.0,8,7,低效长尾型二
1157,3020,500635396,9700005700,0.0,0,0,,,False,,,False,False,,8,2,低效长尾型
1158,3371,500635396,9700005700,4326.98,2145,3643,0.6543,61.0,True,0.5888004391984628,2.017240093240093,True,True,1.6983682983682984,8,0,高价值转化型
1159,3785,500635396,9700005700,11.91,7,5,1.0,9.0,True,1.4,1.7014285714285715,True,True,0.7142857142857143,8,7,低效长尾型二
1160,3897,500635396,9700005700,12164.19,1125,364,0.7423,257.0,True,3.090659340659341,10.812613333333333,True,True,0.32355555555555554,8,0,高价值转化型
1161,4956,500635396,9700005700,0.65,1,0,0.0,,True,,0.65,False,True,0.0,8,5,潜力挖掘型
1162,5120,500635396,9700005700,0.0,0,0,,,False,,,False,False,,8,2,低效长尾型
1163,5248,500635396,9700005700,1.81,1,1,1.0,120.0,True,1.0,1.81,True,True,1.0,8,7,低效长尾型二
1164,5453,500635396,9700005700,1623.0,2785,3265,0.6667,39.0,True,0.8529862174578867,0.5827648114901257,True,True,1.1723518850987433,8,0,高价值转化型
1165,5963,500635396,9700005700,2.98,2,2,1.0,4.0,True,1.0,1.49,True,True,1.0,8,7,低效长尾型二
1166,6656,500635396,9700005700,2.09,2,2,1.0,2.0,True,1.0,1.045,True,True,1.0,8,7,低效长尾型二
1167,232,500635396,9773660250,2235.16,1712,3698,0.6848,189.0,True,0.4629529475392104,1.3055841121495326,True,True,2.1600467289719627,8,6,稳定拓展型三
1168,4514,500635396,9773660250,5.52,2,6,0.0,438.0,True,0.3333333333333333,2.76,True,True,3.0,8,5,潜力挖掘型
1169,6586,500635396,9773660250,4114.5,2439,5984,0.6409,211.0,True,0.40758689839572193,1.686961869618696,True,True,2.4534645346453465,8,0,高价值转化型
1170,3457,500635396,9773660250,13.65,5,11,0.25,187.0,True,0.45454545454545453,2.73,True,True,2.2,8,1,稳定拓展型
1171,4229,500635396,9773660250,65.11,48,251,0.4082,254.0,True,0.19123505976095617,1.3564583333333333,True,True,5.229166666666667,8,1,稳定拓展型
1172,5384,500635396,9773660250,0.0,0,0,,,False,,,False,False,,8,2,低效长尾型
1173,2,525368335,9811363528,0.0,0,0,,,False,,,False,False,,8,2,低效长尾型
1174,4,525368335,9811363528,0.0,0,0,,,False,,,False,False,,8,2,低效长尾型
1175,8,525368335,9811363528,0.0,0,0,,,False,,,False,False,,8,2,低效长尾型
1176,17,525368335,9811363528,0.0,0,0,,,False,,,False,False,,8,2,低效长尾型
1177,24,525368335,9811363528,0.0,0,0,,,False,,,False,False,,8,2,低效长尾型
1178,32,525368335,9811363528,0.8,1,1,1.0,3.0,True,1.0,0.8,True,True,1.0,8,7,低效长尾型二
1179,33,525368335,9811363528,183.41,75,149,0.7288,108.0,True,0.5033557046979866,2.4454666666666665,True,True,1.9866666666666666,8,1,稳定拓展型
1180,41,525368335,9811363528,0.0,0,0,,,False,,,False,False,,8,2,低效长尾型
1181,47,525368335,9811363528,0.38,1,55,0.0,724.0,True,0.01818181818181818,0.38,True,True,55.0,8,5,潜力挖掘型
1182,48,525368335,9811363528,58.58,11,7,1.0,43.0,True,1.5714285714285714,5.325454545454545,True,True,0.6363636363636364,8,0,高价值转化型
1183,54,525368335,9811363528,0.0,0,0,,,False,,,False,False,,8,2,低效长尾型
1184,55,525368335,9811363528,0.0,0,0,,,False,,,False,False,,8,2,低效长尾型
1185,57,525368335,9811363528,0.0,0,0,,,False,,,False,False,,8,2,低效长尾型
1186,61,525368335,9811363528,6.13,8,11,0.75,13.0,True,0.7272727272727273,0.76625,True,True,1.375,8,6,稳定拓展型三
1187,62,525368335,9811363528,0.0,0,0,,,False,,,False,False,,8,2,低效长尾型
1188,74,525368335,9811363528,0.73,1,0,0.0,,True,,0.73,False,True,0.0,8,5,潜力挖掘型
1189,83,525368335,9811363528,0.0,0,0,,,False,,,False,False,,8,2,低效长尾型
1190,90,525368335,9811363528,0.0,0,0,,,False,,,False,False,,8,2,低效长尾型
1191,91,525368335,9811363528,36.38,6,2,1.0,120.0,True,3.0,6.0633333333333335,True,True,0.3333333333333333,8,0,高价值转化型
1192,98,525368335,9811363528,0.0,0,0,,,False,,,False,False,,8,2,低效长尾型
1193,99,525368335,9811363528,0.0,0,0,,,False,,,False,False,,8,2,低效长尾型
1194,100,525368335,9811363528,0.0,0,0,,,False,,,False,False,,8,2,低效长尾型
1195,108,525368335,9811363528,0.0,0,0,,,False,,,False,False,,8,2,低效长尾型
1196,110,525368335,9811363528,1.5,1,1,1.0,120.0,True,1.0,1.5,True,True,1.0,8,7,低效长尾型二
1197,113,525368335,9811363528,1.44,1,1,1.0,9.0,True,1.0,1.44,True,True,1.0,8,7,低效长尾型二
1198,120,525368335,9811363528,0.0,0,0,,,False,,,False,False,,8,2,低效长尾型
1199,121,525368335,9811363528,0.0,0,0,,,False,,,False,False,,8,2,低效长尾型
1200,122,525368335,9811363528,0.0,0,0,,,False,,,False,False,,8,2,低效长尾型
1201,143,525368335,9811363528,0.0,0,0,,,False,,,False,False,,8,2,低效长尾型
1202,144,525368335,9811363528,26.87,6,5,1.0,73.0,True,1.2,4.4783333333333335,True,True,0.8333333333333334,8,0,高价值转化型
1203,154,525368335,9811363528,1.48,2,0,0.0,,True,,0.74,False,True,0.0,8,5,潜力挖掘型
1204,159,525368335,9811363528,1.03,1,1,1.0,3.0,True,1.0,1.03,True,True,1.0,8,7,低效长尾型二
1205,162,525368335,9811363528,14.99,5,4,1.0,62.0,True,1.25,2.998,True,True,0.8,8,7,低效长尾型二
1206,172,525368335,9811363528,0.95,1,1,1.0,3.0,True,1.0,0.95,True,True,1.0,8,7,低效长尾型二
1207,173,525368335,9811363528,0.0,0,0,,,False,,,False,False,,8,2,低效长尾型
1208,178,525368335,9811363528,0.0,0,0,,,False,,,False,False,,8,2,低效长尾型
1209,181,525368335,9811363528,165.4,49,72,0.6875,134.0,True,0.6805555555555556,3.3755102040816327,True,True,1.469387755102041,8,0,高价值转化型
1210,190,525368335,9811363528,0.0,0,0,,,False,,,False,False,,8,2,低效长尾型
1211,202,525368335,9811363528,6.04,7,6,0.8,87.0,True,1.1666666666666667,0.8628571428571429,True,True,0.8571428571428571,8,6,稳定拓展型三
1212,206,525368335,9811363528,122.53,26,38,0.8125,93.0,True,0.6842105263157895,4.712692307692308,True,True,1.4615384615384615,8,0,高价值转化型
1213,213,525368335,9811363528,1.1,1,1,1.0,1.0,True,1.0,1.1,True,True,1.0,8,7,低效长尾型二
1214,217,525368335,9811363528,0.0,0,0,,,False,,,False,False,,8,2,低效长尾型
1215,229,525368335,9811363528,0.0,0,0,,,False,,,False,False,,8,2,低效长尾型
1216,231,525368335,9811363528,0.0,0,0,,,False,,,False,False,,8,2,低效长尾型
1217,235,525368335,9811363528,1.29,1,1,1.0,2.0,True,1.0,1.29,True,True,1.0,8,7,低效长尾型二
1218,247,525368335,9811363528,0.0,0,0,,,False,,,False,False,,8,2,低效长尾型
1219,257,525368335,9811363528,3.48,3,16,0.3333,794.0,True,0.1875,1.16,True,True,5.333333333333333,8,1,稳定拓展型
1220,263,525368335,9811363528,1.31,2,2,1.0,15.0,True,1.0,0.655,True,True,1.0,8,7,低效长尾型二
1221,265,525368335,9811363528,0.0,0,0,,,False,,,False,False,,8,2,低效长尾型
1222,268,525368335,9811363528,10.55,14,8,0.8571,78.0,True,1.75,0.7535714285714287,True,True,0.5714285714285714,8,4,稳定拓展型二
1223,269,525368335,9811363528,0.0,0,0,,,False,,,False,False,,8,2,低效长尾型
1224,270,525368335,9811363528,263.36,50,167,0.6512,163.0,True,0.2994011976047904,5.2672,True,True,3.34,8,0,高价值转化型
1225,273,525368335,9811363528,0.0,0,0,,,False,,,False,False,,8,2,低效长尾型
1226,276,525368335,9811363528,0.0,0,0,,,False,,,False,False,,8,2,低效长尾型
1227,290,525368335,9811363528,0.0,0,0,,,False,,,False,False,,8,2,低效长尾型
1228,295,525368335,9811363528,2.99,4,4,0.6667,8.0,True,1.0,0.7475,True,True,1.0,8,6,稳定拓展型三
1229,303,525368335,9811363528,1.3,2,2,1.0,62.0,True,1.0,0.65,True,True,1.0,8,7,低效长尾型二
1230,307,525368335,9811363528,7.98,7,39,0.6667,946.0,True,0.1794871794871795,1.1400000000000001,True,True,5.571428571428571,8,1,稳定拓展型
1231,317,525368335,9811363528,5.17,5,2,1.0,2.0,True,2.5,1.034,True,True,0.4,8,7,低效长尾型二
1232,332,525368335,9811363528,0.0,0,0,,,False,,,False,False,,8,2,低效长尾型
1233,362,525368335,9811363528,0.0,0,0,,,False,,,False,False,,8,2,低效长尾型
1234,363,525368335,9811363528,1.21,1,9,0.0,187.0,True,0.1111111111111111,1.21,True,True,9.0,8,5,潜力挖掘型
1235,367,525368335,9811363528,0.0,0,0,,,False,,,False,False,,8,2,低效长尾型
1236,377,525368335,9811363528,2.08,2,1,1.0,120.0,True,2.0,1.04,True,True,0.5,8,7,低效长尾型二
1237,378,525368335,9811363528,0.59,1,0,0.0,,True,,0.59,False,True,0.0,8,5,潜力挖掘型
1238,386,525368335,9811363528,0.0,0,0,,,False,,,False,False,,8,2,低效长尾型
1239,396,525368335,9811363528,4.0,8,5,0.75,132.0,True,1.6,0.5,True,True,0.625,8,4,稳定拓展型二
1240,408,525368335,9811363528,0.0,0,0,,,False,,,False,False,,8,2,低效长尾型
1241,424,525368335,9811363528,0.0,0,0,,,False,,,False,False,,8,2,低效长尾型
1242,432,525368335,9811363528,2.08,3,0,0.0,,True,,0.6933333333333334,False,True,0.0,8,5,潜力挖掘型
1243,433,525368335,9811363528,438.82,72,332,0.4746,375.0,True,0.21686746987951808,6.094722222222222,True,True,4.611111111111111,8,0,高价值转化型
1244,435,525368335,9811363528,0.7,1,0,0.0,,True,,0.7,False,True,0.0,8,5,潜力挖掘型
1245,444,525368335,9811363528,0.0,0,0,,,False,,,False,False,,8,2,低效长尾型
1246,451,525368335,9811363528,0.0,0,0,,,False,,,False,False,,8,2,低效长尾型
1247,461,525368335,9811363528,13.69,13,8,1.0,101.0,True,1.625,1.053076923076923,True,True,0.6153846153846154,8,7,低效长尾型二
1248,469,525368335,9811363528,124.59,25,119,0.7143,438.0,True,0.21008403361344538,4.9836,True,True,4.76,8,0,高价值转化型
1249,472,525368335,9811363528,2.19,4,6,0.6667,22.0,True,0.6666666666666666,0.5475,True,True,1.5,8,6,稳定拓展型三
1250,479,525368335,9811363528,0.0,0,0,,,False,,,False,False,,8,2,低效长尾型
1251,488,525368335,9811363528,0.0,0,0,,,False,,,False,False,,8,2,低效长尾型
1252,493,525368335,9811363528,0.55,1,0,0.0,,True,,0.55,False,True,0.0,8,5,潜力挖掘型
1253,500,525368335,9811363528,0.0,0,0,,,False,,,False,False,,8,2,低效长尾型
1254,501,525368335,9811363528,1.81,3,2,1.0,165.0,True,1.5,0.6033333333333334,True,True,0.6666666666666666,8,7,低效长尾型二
1255,503,525368335,9811363528,0.0,0,0,,,False,,,False,False,,8,2,低效长尾型
1256,506,525368335,9811363528,0.0,0,0,,,False,,,False,False,,8,2,低效长尾型
1257,516,525368335,9811363528,7.59,6,4,0.6667,87.0,True,1.5,1.265,True,True,0.6666666666666666,8,4,稳定拓展型二
1258,528,525368335,9811363528,0.0,0,0,,,False,,,False,False,,8,2,低效长尾型
1259,543,525368335,9811363528,1.58,3,3,1.0,42.0,True,1.0,0.5266666666666667,True,True,1.0,8,7,低效长尾型二
1260,557,525368335,9811363528,111.75,13,26,0.6,169.0,True,0.5,8.596153846153847,True,True,2.0,8,0,高价值转化型
1261,560,525368335,9811363528,1.56,3,5,0.0,239.0,True,0.6,0.52,True,True,1.6666666666666667,8,5,潜力挖掘型
1262,561,525368335,9811363528,1.12,2,2,1.0,120.0,True,1.0,0.56,True,True,1.0,8,7,低效长尾型二
1263,563,525368335,9811363528,0.0,0,0,,,False,,,False,False,,8,2,低效长尾型
1264,565,525368335,9811363528,0.0,0,0,,,False,,,False,False,,8,2,低效长尾型
1265,568,525368335,9811363528,2.89,2,4,0.0,262.0,True,0.5,1.445,True,True,2.0,8,5,潜力挖掘型
1266,572,525368335,9811363528,126.06,22,26,0.9474,45.0,True,0.8461538461538461,5.73,True,True,1.1818181818181819,8,0,高价值转化型
1267,579,525368335,9811363528,12.94,14,25,0.6154,85.0,True,0.56,0.9242857142857143,True,True,1.7857142857142858,8,6,稳定拓展型三
1268,588,525368335,9811363528,11.97,13,12,1.0,15.0,True,1.0833333333333333,0.9207692307692308,True,True,0.9230769230769231,8,7,低效长尾型二
1269,592,525368335,9811363528,0.0,0,0,,,False,,,False,False,,8,2,低效长尾型
1270,593,525368335,9811363528,0.0,0,0,,,False,,,False,False,,8,2,低效长尾型
1271,596,525368335,9811363528,0.0,0,0,,,False,,,False,False,,8,2,低效长尾型
1272,597,525368335,9811363528,0.87,1,1,1.0,3.0,True,1.0,0.87,True,True,1.0,8,7,低效长尾型二
1273,607,525368335,9811363528,0.0,0,0,,,False,,,False,False,,8,2,低效长尾型
1274,609,525368335,9811363528,7.94,8,14,0.5,238.0,True,0.5714285714285714,0.9925,True,True,1.75,8,6,稳定拓展型三
1275,613,525368335,9811363528,0.0,0,0,,,False,,,False,False,,8,2,低效长尾型
1276,618,525368335,9811363528,8.11,8,37,0.6667,128.0,True,0.21621621621621623,1.01375,True,True,4.625,8,1,稳定拓展型
1277,625,525368335,9811363528,33.59,37,30,0.84,96.0,True,1.2333333333333334,0.9078378378378379,True,True,0.8108108108108109,8,6,稳定拓展型三
1278,627,525368335,9811363528,0.0,0,0,,,False,,,False,False,,8,2,低效长尾型
1279,640,525368335,9811363528,432.45,35,165,0.3871,337.0,True,0.21212121212121213,12.355714285714285,True,True,4.714285714285714,8,0,高价值转化型
1280,644,525368335,9811363528,0.97,2,2,1.0,64.0,True,1.0,0.485,True,True,1.0,8,7,低效长尾型二
1281,649,525368335,9811363528,0.0,0,0,,,False,,,False,False,,8,2,低效长尾型
1282,652,525368335,9811363528,0.0,0,0,,,False,,,False,False,,8,2,低效长尾型
1283,653,525368335,9811363528,570.08,73,221,0.597,259.0,True,0.33031674208144796,7.809315068493151,True,True,3.0273972602739727,8,0,高价值转化型
1284,660,525368335,9811363528,2.76,3,4,0.5,25.0,True,0.75,0.9199999999999999,True,True,1.3333333333333333,8,6,稳定拓展型三
1285,661,525368335,9811363528,2.71,2,2,1.0,15.0,True,1.0,1.355,True,True,1.0,8,7,低效长尾型二
1286,664,525368335,9811363528,0.0,0,0,,,False,,,False,False,,8,2,低效长尾型
1287,665,525368335,9811363528,0.0,0,0,,,False,,,False,False,,8,2,低效长尾型
1288,666,525368335,9811363528,6.06,6,9,0.75,210.0,True,0.6666666666666666,1.01,True,True,1.5,8,6,稳定拓展型三
1289,669,525368335,9811363528,1.5,1,1,1.0,120.0,True,1.0,1.5,True,True,1.0,8,7,低效长尾型二
1290,671,525368335,9811363528,0.0,0,0,,,False,,,False,False,,8,2,低效长尾型
1291,674,525368335,9811363528,5.07,4,4,1.0,62.0,True,1.0,1.2675,True,True,1.0,8,7,低效长尾型二
1292,677,525368335,9811363528,0.0,0,0,,,False,,,False,False,,8,2,低效长尾型
1293,681,525368335,9811363528,0.0,0,0,,,False,,,False,False,,8,2,低效长尾型
1294,688,525368335,9811363528,0.0,0,0,,,False,,,False,False,,8,2,低效长尾型
1295,709,525368335,9811363528,1363.47,2319,263,0.9787,79.0,True,8.817490494296578,0.5879560155239327,True,True,0.11341095299698145,8,4,稳定拓展型二
1296,710,525368335,9811363528,6.56,8,16,0.8571,98.0,True,0.5,0.82,True,True,2.0,8,6,稳定拓展型三
1297,716,525368335,9811363528,0.0,0,0,,,False,,,False,False,,8,2,低效长尾型
1298,719,525368335,9811363528,0.0,0,0,,,False,,,False,False,,8,2,低效长尾型
1299,720,525368335,9811363528,30.61,26,23,0.875,71.0,True,1.1304347826086956,1.1773076923076924,True,True,0.8846153846153846,8,6,稳定拓展型三
1300,725,525368335,9811363528,6.12,7,2,1.0,63.0,True,3.5,0.8742857142857143,True,True,0.2857142857142857,8,7,低效长尾型二
1301,729,525368335,9811363528,0.0,0,0,,,False,,,False,False,,8,2,低效长尾型
1302,733,525368335,9811363528,0.0,0,0,,,False,,,False,False,,8,2,低效长尾型
1303,735,525368335,9811363528,23.37,23,24,0.7692,261.0,True,0.9583333333333334,1.0160869565217392,True,True,1.0434782608695652,8,6,稳定拓展型三
1304,751,525368335,9811363528,118.97,21,76,0.5294,589.0,True,0.27631578947368424,5.665238095238095,True,True,3.619047619047619,8,0,高价值转化型
1305,752,525368335,9811363528,5.46,8,7,1.0,74.0,True,1.1428571428571428,0.6825,True,True,0.875,8,7,低效长尾型二
1306,753,525368335,9811363528,0.0,0,0,,,False,,,False,False,,8,2,低效长尾型
1307,759,525368335,9811363528,12.71,15,6,0.8,82.0,True,2.5,0.8473333333333334,True,True,0.4,8,4,稳定拓展型二
1308,763,525368335,9811363528,0.0,0,0,,,False,,,False,False,,8,2,低效长尾型
1309,765,525368335,9811363528,0.0,0,0,,,False,,,False,False,,8,2,低效长尾型
1310,766,525368335,9811363528,6.28,4,4,1.0,6.0,True,1.0,1.57,True,True,1.0,8,7,低效长尾型二
1311,775,525368335,9811363528,0.0,0,0,,,False,,,False,False,,8,2,低效长尾型
1312,785,525368335,9811363528,0.15,1,1,1.0,120.0,True,1.0,0.15,True,True,1.0,8,7,低效长尾型二
1313,799,525368335,9811363528,0.0,0,0,,,False,,,False,False,,8,2,低效长尾型
1314,805,525368335,9811363528,0.0,0,0,,,False,,,False,False,,8,2,低效长尾型
1315,809,525368335,9811363528,6.97,2,4,0.5,60.0,True,0.5,3.485,True,True,2.0,8,0,高价值转化型
1316,810,525368335,9811363528,1.87,1,1,1.0,8.0,True,1.0,1.87,True,True,1.0,8,7,低效长尾型二
1317,825,525368335,9811363528,0.0,0,0,,,False,,,False,False,,8,2,低效长尾型
1318,829,525368335,9811363528,112.68,22,79,0.5625,234.0,True,0.27848101265822783,5.121818181818182,True,True,3.590909090909091,8,0,高价值转化型
1319,831,525368335,9811363528,1.96,2,4,0.5,148.0,True,0.5,0.98,True,True,2.0,8,1,稳定拓展型
1320,834,525368335,9811363528,0.0,0,0,,,False,,,False,False,,8,2,低效长尾型
1321,836,525368335,9811363528,22.95,53,54,0.7895,119.0,True,0.9814814814814815,0.43301886792452826,True,True,1.0188679245283019,8,4,稳定拓展型二
1322,848,525368335,9811363528,8.34,8,27,0.5714,254.0,True,0.2962962962962963,1.0425,True,True,3.375,8,1,稳定拓展型
1323,850,525368335,9811363528,0.0,0,0,,,False,,,False,False,,8,2,低效长尾型
1324,851,525368335,9811363528,0.0,0,0,,,False,,,False,False,,8,2,低效长尾型
1325,860,525368335,9811363528,0.0,0,0,,,False,,,False,False,,8,2,低效长尾型
1326,874,525368335,9811363528,16.71,15,34,0.7692,140.0,True,0.4411764705882353,1.114,True,True,2.2666666666666666,8,1,稳定拓展型
1327,884,525368335,9811363528,4.94,5,4,1.0,42.0,True,1.25,0.9880000000000001,True,True,0.8,8,7,低效长尾型二
1328,888,525368335,9811363528,244.33,31,104,0.5769,291.0,True,0.2980769230769231,7.881612903225807,True,True,3.3548387096774195,8,0,高价值转化型
1329,901,525368335,9811363528,2.85,3,2,1.0,8.0,True,1.5,0.9500000000000001,True,True,0.6666666666666666,8,7,低效长尾型二
1330,905,525368335,9811363528,0.75,1,0,0.0,,True,,0.75,False,True,0.0,8,5,潜力挖掘型
1331,911,525368335,9811363528,1.96,4,4,1.0,64.0,True,1.0,0.49,True,True,1.0,8,7,低效长尾型二
1332,912,525368335,9811363528,116.42,16,8,1.0,252.0,True,2.0,7.27625,True,True,0.5,8,0,高价值转化型
1333,926,525368335,9811363528,1346.58,500,94,0.954,120.0,True,5.319148936170213,2.6931599999999998,True,True,0.188,8,4,稳定拓展型二
1334,937,525368335,9811363528,286.55,134,107,0.908,103.0,True,1.2523364485981308,2.1384328358208955,True,True,0.7985074626865671,8,0,高价值转化型
1335,944,525368335,9811363528,1.08,3,3,1.0,83.0,True,1.0,0.36000000000000004,True,True,1.0,8,7,低效长尾型二
1336,954,525368335,9811363528,22.07,35,90,0.72,249.0,True,0.3888888888888889,0.6305714285714286,True,True,2.5714285714285716,8,1,稳定拓展型
1337,957,525368335,9811363528,11.4,9,31,0.4444,121.0,True,0.2903225806451613,1.2666666666666666,True,True,3.4444444444444446,8,1,稳定拓展型
1338,984,525368335,9811363528,10.36,11,8,1.0,40.0,True,1.375,0.9418181818181818,True,True,0.7272727272727273,8,7,低效长尾型二
1339,989,525368335,9811363528,2.24,3,3,1.0,54.0,True,1.0,0.7466666666666667,True,True,1.0,8,7,低效长尾型二
1340,993,525368335,9811363528,2.26,4,5,0.75,51.0,True,0.8,0.565,True,True,1.25,8,6,稳定拓展型三
1341,1010,525368335,9811363528,4.3,4,2,1.0,120.0,True,2.0,1.075,True,True,0.5,8,7,低效长尾型二
1342,1014,525368335,9811363528,2.6,4,4,1.0,97.0,True,1.0,0.65,True,True,1.0,8,7,低效长尾型二
1343,1018,525368335,9811363528,0.0,0,0,,,False,,,False,False,,8,2,低效长尾型
1344,1022,525368335,9811363528,0.0,0,0,,,False,,,False,False,,8,2,低效长尾型
1345,1030,525368335,9811363528,0.0,0,0,,,False,,,False,False,,8,2,低效长尾型
1346,1034,525368335,9811363528,0.0,0,0,,,False,,,False,False,,8,2,低效长尾型
1347,1038,525368335,9811363528,0.0,0,0,,,False,,,False,False,,8,2,低效长尾型
1348,1046,525368335,9811363528,0.0,0,0,,,False,,,False,False,,8,2,低效长尾型
1349,1047,525368335,9811363528,0.0,0,0,,,False,,,False,False,,8,2,低效长尾型
1350,1050,525368335,9811363528,0.0,0,0,,,False,,,False,False,,8,2,低效长尾型
1351,1060,525368335,9811363528,0.0,0,0,,,False,,,False,False,,8,2,低效长尾型
1352,1074,525368335,9811363528,0.0,0,0,,,False,,,False,False,,8,2,低效长尾型
1353,1075,525368335,9811363528,0.0,0,0,,,False,,,False,False,,8,2,低效长尾型
1354,1081,525368335,9811363528,0.0,0,0,,,False,,,False,False,,8,2,低效长尾型
1355,1087,525368335,9811363528,0.0,0,0,,,False,,,False,False,,8,2,低效长尾型
1356,1093,525368335,9811363528,6.03,5,6,0.8,17.0,True,0.8333333333333334,1.206,True,True,1.2,8,6,稳定拓展型三
1357,1124,525368335,9811363528,6.52,6,3,1.0,75.0,True,2.0,1.0866666666666667,True,True,0.5,8,7,低效长尾型二
1358,1131,525368335,9811363528,8.44,10,3,1.0,72.0,True,3.3333333333333335,0.844,True,True,0.3,8,7,低效长尾型二
1359,1135,525368335,9811363528,1.46,1,1,1.0,3.0,True,1.0,1.46,True,True,1.0,8,7,低效长尾型二
1360,1136,525368335,9811363528,0.15,1,1,1.0,10.0,True,1.0,0.15,True,True,1.0,8,7,低效长尾型二
1361,1137,525368335,9811363528,0.0,0,0,,,False,,,False,False,,8,2,低效长尾型
1362,1143,525368335,9811363528,7.32,5,4,1.0,37.0,True,1.25,1.464,True,True,0.8,8,7,低效长尾型二
1363,1148,525368335,9811363528,0.0,0,0,,,False,,,False,False,,8,2,低效长尾型
1364,1149,525368335,9811363528,0.37,1,1,1.0,,True,1.0,0.37,True,True,1.0,8,7,低效长尾型二
1365,1159,525368335,9811363528,10.33,9,11,0.7143,34.0,True,0.8181818181818182,1.1477777777777778,True,True,1.2222222222222223,8,6,稳定拓展型三
1366,1161,525368335,9811363528,0.0,0,0,,,False,,,False,False,,8,2,低效长尾型
1367,1167,525368335,9811363528,1264.77,257,325,0.8144,111.0,True,0.7907692307692308,4.921284046692607,True,True,1.264591439688716,8,0,高价值转化型
1368,1169,525368335,9811363528,0.0,0,0,,,False,,,False,False,,8,2,低效长尾型
1369,1172,525368335,9811363528,0.0,0,0,,,False,,,False,False,,8,2,低效长尾型
1370,1184,525368335,9811363528,0.0,0,0,,,False,,,False,False,,8,2,低效长尾型
1371,1187,525368335,9811363528,0.0,0,0,,,False,,,False,False,,8,2,低效长尾型
1372,1188,525368335,9811363528,0.39,1,1,1.0,120.0,True,1.0,0.39,True,True,1.0,8,7,低效长尾型二
1373,1194,525368335,9811363528,3.39,3,3,1.0,1.0,True,1.0,1.1300000000000001,True,True,1.0,8,7,低效长尾型二
1374,1196,525368335,9811363528,25.68,26,5,1.0,433.0,True,5.2,0.9876923076923076,True,True,0.19230769230769232,8,4,稳定拓展型二
1375,1199,525368335,9811363528,0.0,0,0,,,False,,,False,False,,8,2,低效长尾型
1376,1205,525368335,9811363528,12.68,11,18,0.7143,116.0,True,0.6111111111111112,1.1527272727272726,True,True,1.6363636363636365,8,6,稳定拓展型三
1377,1209,525368335,9811363528,21.0,22,86,0.7,141.0,True,0.2558139534883721,0.9545454545454546,True,True,3.909090909090909,8,1,稳定拓展型
1378,1216,525368335,9811363528,0.0,0,0,,,False,,,False,False,,8,2,低效长尾型
1379,1217,525368335,9811363528,11.05,12,16,0.9,73.0,True,0.75,0.9208333333333334,True,True,1.3333333333333333,8,6,稳定拓展型三
1380,1221,525368335,9811363528,0.0,0,0,,,False,,,False,False,,8,2,低效长尾型
1381,1225,525368335,9811363528,0.0,0,0,,,False,,,False,False,,8,2,低效长尾型
1382,1233,525368335,9811363528,3.36,2,3,0.0,225.0,True,0.6666666666666666,1.68,True,True,1.5,8,5,潜力挖掘型
1383,1235,525368335,9811363528,10.08,10,27,0.6,119.0,True,0.37037037037037035,1.008,True,True,2.7,8,1,稳定拓展型
1384,1236,525368335,9811363528,1.34,2,0,0.0,,True,,0.67,False,True,0.0,8,5,潜力挖掘型
1385,1241,525368335,9811363528,24.82,23,67,0.65,177.0,True,0.34328358208955223,1.0791304347826087,True,True,2.9130434782608696,8,1,稳定拓展型
1386,1244,525368335,9811363528,0.0,0,0,,,False,,,False,False,,8,2,低效长尾型
1387,1245,525368335,9811363528,0.0,0,0,,,False,,,False,False,,8,2,低效长尾型
1388,1255,525368335,9811363528,1.5,1,1,1.0,10.0,True,1.0,1.5,True,True,1.0,8,7,低效长尾型二
1389,1257,525368335,9811363528,0.61,1,1,1.0,120.0,True,1.0,0.61,True,True,1.0,8,7,低效长尾型二
1390,1265,525368335,9811363528,4.26,1,1,1.0,10.0,True,1.0,4.26,True,True,1.0,8,0,高价值转化型
1391,1270,525368335,9811363528,16.29,16,160,0.6429,1163.0,True,0.1,1.018125,True,True,10.0,8,1,稳定拓展型
1392,1278,525368335,9811363528,0.0,0,0,,,False,,,False,False,,8,2,低效长尾型
1393,1280,525368335,9811363528,0.0,0,0,,,False,,,False,False,,8,2,低效长尾型
1394,1281,525368335,9811363528,0.0,0,0,,,False,,,False,False,,8,2,低效长尾型
1395,1282,525368335,9811363528,0.65,1,0,0.0,,True,,0.65,False,True,0.0,8,5,潜力挖掘型
1396,1289,525368335,9811363528,0.0,0,0,,,False,,,False,False,,8,2,低效长尾型
1397,1292,525368335,9811363528,6.18,8,15,0.5714,48.0,True,0.5333333333333333,0.7725,True,True,1.875,8,6,稳定拓展型三
1398,1294,525368335,9811363528,1.3,2,2,1.0,22.0,True,1.0,0.65,True,True,1.0,8,7,低效长尾型二
1399,1295,525368335,9811363528,0.23,1,1,1.0,5.0,True,1.0,0.23,True,True,1.0,8,7,低效长尾型二
1400,1296,525368335,9811363528,10.54,6,14,0.3333,343.0,True,0.42857142857142855,1.7566666666666666,True,True,2.3333333333333335,8,1,稳定拓展型
1401,1303,525368335,9811363528,0.0,0,0,,,False,,,False,False,,8,2,低效长尾型
1402,1308,525368335,9811363528,44.83,48,61,0.7,168.0,True,0.7868852459016393,0.9339583333333333,True,True,1.2708333333333333,8,6,稳定拓展型三
1403,1311,525368335,9811363528,0.0,0,0,,,False,,,False,False,,8,2,低效长尾型
1404,1315,525368335,9811363528,0.63,1,0,0.0,,True,,0.63,False,True,0.0,8,5,潜力挖掘型
1405,1318,525368335,9811363528,239.2,249,245,0.8079,91.0,True,1.0163265306122449,0.9606425702811244,True,True,0.9839357429718876,8,6,稳定拓展型三
1406,1323,525368335,9811363528,16.79,16,60,0.5,247.0,True,0.26666666666666666,1.049375,True,True,3.75,8,1,稳定拓展型
1407,1325,525368335,9811363528,5.23,8,63,0.5,909.0,True,0.12698412698412698,0.65375,True,True,7.875,8,1,稳定拓展型
1408,1327,525368335,9811363528,8.67,6,34,0.4,505.0,True,0.17647058823529413,1.445,True,True,5.666666666666667,8,1,稳定拓展型
1409,1337,525368335,9811363528,0.15,1,1,1.0,2.0,True,1.0,0.15,True,True,1.0,8,7,低效长尾型二
1410,1351,525368335,9811363528,0.0,0,0,,,False,,,False,False,,8,2,低效长尾型
1411,1353,525368335,9811363528,113.91,107,560,0.3587,341.0,True,0.19107142857142856,1.0645794392523364,True,True,5.233644859813084,8,1,稳定拓展型
1412,1370,525368335,9811363528,1.66,2,2,1.0,4.0,True,1.0,0.83,True,True,1.0,8,7,低效长尾型二
1413,1375,525368335,9811363528,0.0,0,0,,,False,,,False,False,,8,2,低效长尾型
1414,1381,525368335,9811363528,2.27,3,2,1.0,61.0,True,1.5,0.7566666666666667,True,True,0.6666666666666666,8,7,低效长尾型二
1415,1387,525368335,9811363528,0.0,0,0,,,False,,,False,False,,8,2,低效长尾型
1416,1396,525368335,9811363528,0.0,0,0,,,False,,,False,False,,8,2,低效长尾型
1417,1397,525368335,9811363528,0.0,0,0,,,False,,,False,False,,8,2,低效长尾型
1418,1398,525368335,9811363528,5.87,4,4,0.6667,87.0,True,1.0,1.4675,True,True,1.0,8,6,稳定拓展型三
1419,1400,525368335,9811363528,0.0,0,0,,,False,,,False,False,,8,2,低效长尾型
1420,1402,525368335,9811363528,0.75,1,1,1.0,120.0,True,1.0,0.75,True,True,1.0,8,7,低效长尾型二
1421,1414,525368335,9811363528,0.0,0,0,,,False,,,False,False,,8,2,低效长尾型
1422,1437,525368335,9811363528,19.68,21,43,0.75,89.0,True,0.4883720930232558,0.9371428571428572,True,True,2.0476190476190474,8,6,稳定拓展型三
1423,1441,525368335,9811363528,34.01,50,42,0.8182,76.0,True,1.1904761904761905,0.6801999999999999,True,True,0.84,8,6,稳定拓展型三
1424,1475,525368335,9811363528,0.0,0,0,,,False,,,False,False,,8,2,低效长尾型
1425,1492,525368335,9811363528,0.0,0,0,,,False,,,False,False,,8,2,低效长尾型
1426,1496,525368335,9811363528,0.0,0,0,,,False,,,False,False,,8,2,低效长尾型
1427,1507,525368335,9811363528,0.0,0,0,,,False,,,False,False,,8,2,低效长尾型
1428,1508,525368335,9811363528,0.0,0,0,,,False,,,False,False,,8,2,低效长尾型
1429,1523,525368335,9811363528,7.77,7,9,0.8,172.0,True,0.7777777777777778,1.1099999999999999,True,True,1.2857142857142858,8,6,稳定拓展型三
1430,1525,525368335,9811363528,29.45,32,180,0.7241,400.0,True,0.17777777777777778,0.9203125,True,True,5.625,8,1,稳定拓展型
1431,1533,525368335,9811363528,0.0,0,0,,,False,,,False,False,,8,2,低效长尾型
1432,1535,525368335,9811363528,6.01,10,18,0.4,261.0,True,0.5555555555555556,0.601,True,True,1.8,8,1,稳定拓展型
1433,1537,525368335,9811363528,0.0,0,0,,,False,,,False,False,,8,2,低效长尾型
1434,1561,525368335,9811363528,14.9,16,14,0.8333,95.0,True,1.1428571428571428,0.93125,True,True,0.875,8,6,稳定拓展型三
1435,1564,525368335,9811363528,0.0,0,0,,,False,,,False,False,,8,2,低效长尾型
1436,1575,525368335,9811363528,33.51,40,8,0.5,60.0,True,5.0,0.83775,True,True,0.2,8,4,稳定拓展型二
1437,1576,525368335,9811363528,0.0,0,0,,,False,,,False,False,,8,2,低效长尾型
1438,1601,525368335,9811363528,0.0,0,0,,,False,,,False,False,,8,2,低效长尾型
1439,1602,525368335,9811363528,0.0,0,0,,,False,,,False,False,,8,2,低效长尾型
1440,1610,525368335,9811363528,9.46,9,5,1.0,33.0,True,1.8,1.051111111111111,True,True,0.5555555555555556,8,7,低效长尾型二
1441,1617,525368335,9811363528,3.61,3,2,1.0,2.0,True,1.5,1.2033333333333334,True,True,0.6666666666666666,8,7,低效长尾型二
1442,1621,525368335,9811363528,0.0,0,0,,,False,,,False,False,,8,2,低效长尾型
1443,1628,525368335,9811363528,2.96,3,14,0.3333,254.0,True,0.21428571428571427,0.9866666666666667,True,True,4.666666666666667,8,1,稳定拓展型
1444,1629,525368335,9811363528,6.69,8,16,0.7143,339.0,True,0.5,0.83625,True,True,2.0,8,6,稳定拓展型三
1445,1638,525368335,9811363528,19.33,26,59,0.5789,120.0,True,0.4406779661016949,0.7434615384615384,True,True,2.269230769230769,8,1,稳定拓展型
1446,1639,525368335,9811363528,0.0,0,0,,,False,,,False,False,,8,2,低效长尾型
1447,1640,525368335,9811363528,0.0,0,0,,,False,,,False,False,,8,2,低效长尾型
1448,1641,525368335,9811363528,0.34,1,1,1.0,1.0,True,1.0,0.34,True,True,1.0,8,7,低效长尾型二
1449,1647,525368335,9811363528,0.0,0,0,,,False,,,False,False,,8,2,低效长尾型
1450,1649,525368335,9811363528,12.97,12,31,0.6,160.0,True,0.3870967741935484,1.0808333333333333,True,True,2.5833333333333335,8,1,稳定拓展型
1451,1652,525368335,9811363528,2.48,3,2,1.0,2.0,True,1.5,0.8266666666666667,True,True,0.6666666666666666,8,7,低效长尾型二
1452,1660,525368335,9811363528,24.25,18,38,0.6667,282.0,True,0.47368421052631576,1.3472222222222223,True,True,2.111111111111111,8,1,稳定拓展型
1453,1670,525368335,9811363528,0.0,0,0,,,False,,,False,False,,8,2,低效长尾型
1454,1672,525368335,9811363528,662.43,3390,507,0.9859,66.0,True,6.686390532544379,0.1954070796460177,True,True,0.1495575221238938,8,4,稳定拓展型二
1455,1677,525368335,9811363528,24.31,21,39,0.5333,188.0,True,0.5384615384615384,1.1576190476190475,True,True,1.8571428571428572,8,6,稳定拓展型三
1456,1678,525368335,9811363528,5.64,6,10,0.75,396.0,True,0.6,0.94,True,True,1.6666666666666667,8,6,稳定拓展型三
1457,1688,525368335,9811363528,0.64,2,9,0.5,1179.0,True,0.2222222222222222,0.32,True,True,4.5,8,1,稳定拓展型
1458,1694,525368335,9811363528,0.85,2,11,0.5,668.0,True,0.18181818181818182,0.425,True,True,5.5,8,1,稳定拓展型
1459,1702,525368335,9811363528,0.0,0,0,,,False,,,False,False,,8,2,低效长尾型
1460,1703,525368335,9811363528,0.0,0,0,,,False,,,False,False,,8,2,低效长尾型
1461,1705,525368335,9811363528,14.22,13,33,0.7273,77.0,True,0.3939393939393939,1.093846153846154,True,True,2.5384615384615383,8,1,稳定拓展型
1462,1716,525368335,9811363528,3.37,2,2,0.0,17.0,True,1.0,1.685,True,True,1.0,8,5,潜力挖掘型
1463,1717,525368335,9811363528,0.0,0,0,,,False,,,False,False,,8,2,低效长尾型
1464,1718,525368335,9811363528,0.0,0,0,,,False,,,False,False,,8,2,低效长尾型
1465,1719,525368335,9811363528,49.34,66,98,0.7381,114.0,True,0.673469387755102,0.7475757575757577,True,True,1.4848484848484849,8,6,稳定拓展型三
1466,1735,525368335,9811363528,0.0,0,0,,,False,,,False,False,,8,2,低效长尾型
1467,1737,525368335,9811363528,0.0,0,0,,,False,,,False,False,,8,2,低效长尾型
1468,1739,525368335,9811363528,0.0,0,0,,,False,,,False,False,,8,2,低效长尾型
1469,1742,525368335,9811363528,13.43,15,37,0.6923,105.0,True,0.40540540540540543,0.8953333333333333,True,True,2.466666666666667,8,1,稳定拓展型
1470,1756,525368335,9811363528,0.0,0,0,,,False,,,False,False,,8,2,低效长尾型
1471,1765,525368335,9811363528,33.74,46,46,0.9286,70.0,True,1.0,0.7334782608695652,True,True,1.0,8,6,稳定拓展型三
1472,1766,525368335,9811363528,0.0,0,0,,,False,,,False,False,,8,2,低效长尾型
1473,1797,525368335,9811363528,0.0,0,0,,,False,,,False,False,,8,2,低效长尾型
1474,1816,525368335,9811363528,1.16,2,6,0.0,41.0,True,0.3333333333333333,0.58,True,True,3.0,8,5,潜力挖掘型
1475,1827,525368335,9811363528,0.0,0,0,,,False,,,False,False,,8,2,低效长尾型
1476,1869,525368335,9811363528,16.93,17,11,1.0,118.0,True,1.5454545454545454,0.9958823529411764,True,True,0.6470588235294118,8,7,低效长尾型二
1477,1879,525368335,9811363528,1.82,2,2,1.0,28.0,True,1.0,0.91,True,True,1.0,8,7,低效长尾型二
1478,1881,525368335,9811363528,2.24,3,8,0.3333,530.0,True,0.375,0.7466666666666667,True,True,2.6666666666666665,8,1,稳定拓展型
1479,1906,525368335,9811363528,0.81,1,1,1.0,,True,1.0,0.81,True,True,1.0,8,7,低效长尾型二
1480,1916,525368335,9811363528,1457.46,924,1318,0.698,174.0,True,0.701062215477997,1.5773376623376625,True,True,1.4264069264069263,8,6,稳定拓展型三
1481,1921,525368335,9811363528,0.0,0,0,,,False,,,False,False,,8,2,低效长尾型
1482,1923,525368335,9811363528,0.0,0,0,,,False,,,False,False,,8,2,低效长尾型
1483,1930,525368335,9811363528,6.29,5,39,0.5,478.0,True,0.1282051282051282,1.258,True,True,7.8,8,1,稳定拓展型
1484,1935,525368335,9811363528,1.11,2,2,1.0,5.0,True,1.0,0.555,True,True,1.0,8,7,低效长尾型二
1485,1939,525368335,9811363528,0.2,1,0,0.0,,True,,0.2,False,True,0.0,8,5,潜力挖掘型
1486,1952,525368335,9811363528,23556.53,28520,31283,0.6368,210.0,True,0.9116772688041428,0.8259652875175315,True,True,1.0968793828892005,8,0,高价值转化型
1487,1955,525368335,9811363528,0.0,0,0,,,False,,,False,False,,8,2,低效长尾型
1488,1957,525368335,9811363528,0.0,0,0,,,False,,,False,False,,8,2,低效长尾型
1489,1958,525368335,9811363528,0.73,2,1,1.0,19.0,True,2.0,0.365,True,True,0.5,8,7,低效长尾型二
1490,1965,525368335,9811363528,0.0,0,0,,,False,,,False,False,,8,2,低效长尾型
1491,1988,525368335,9811363528,0.15,1,1,1.0,1.0,True,1.0,0.15,True,True,1.0,8,7,低效长尾型二
1492,1996,525368335,9811363528,0.0,0,0,,,False,,,False,False,,8,2,低效长尾型
1493,2010,525368335,9811363528,2.75,3,2,1.0,120.0,True,1.5,0.9166666666666666,True,True,0.6666666666666666,8,7,低效长尾型二
1494,2015,525368335,9811363528,0.0,0,0,,,False,,,False,False,,8,2,低效长尾型
1495,2019,525368335,9811363528,4.98,5,3,1.0,42.0,True,1.6666666666666667,0.9960000000000001,True,True,0.6,8,7,低效长尾型二
1496,2030,525368335,9811363528,0.5,1,1,1.0,33.0,True,1.0,0.5,True,True,1.0,8,7,低效长尾型二
1497,2042,525368335,9811363528,0.31,1,1,1.0,5.0,True,1.0,0.31,True,True,1.0,8,7,低效长尾型二
1498,2043,525368335,9811363528,2.64,2,0,0.0,,True,,1.32,False,True,0.0,8,5,潜力挖掘型
1499,2051,525368335,9811363528,0.0,0,0,,,False,,,False,False,,8,2,低效长尾型
1500,2054,525368335,9811363528,0.92,1,1,1.0,1728.0,True,1.0,0.92,True,True,1.0,8,7,低效长尾型二
1501,2056,525368335,9811363528,24.53,26,52,0.3684,155.0,True,0.5,0.9434615384615385,True,True,2.0,8,1,稳定拓展型
1502,2060,525368335,9811363528,0.83,1,0,0.0,,True,,0.83,False,True,0.0,8,5,潜力挖掘型
1503,2071,525368335,9811363528,0.0,0,0,,,False,,,False,False,,8,2,低效长尾型
1504,2072,525368335,9811363528,0.0,0,0,,,False,,,False,False,,8,2,低效长尾型
1505,2076,525368335,9811363528,3.75,5,5,0.6667,95.0,True,1.0,0.75,True,True,1.0,8,6,稳定拓展型三
1506,2078,525368335,9811363528,127.96,115,117,0.9231,86.0,True,0.9829059829059829,1.112695652173913,True,True,1.017391304347826,8,6,稳定拓展型三
1507,2091,525368335,9811363528,4.76,5,2,1.0,120.0,True,2.5,0.952,True,True,0.4,8,7,低效长尾型二
1508,2092,525368335,9811363528,0.0,0,0,,,False,,,False,False,,8,2,低效长尾型
1509,2093,525368335,9811363528,1.85,3,11,0.6667,289.0,True,0.2727272727272727,0.6166666666666667,True,True,3.6666666666666665,8,1,稳定拓展型
1510,2095,525368335,9811363528,0.0,0,0,,,False,,,False,False,,8,2,低效长尾型
1511,2101,525368335,9811363528,3.75,3,5,0.5,172.0,True,0.6,1.25,True,True,1.6666666666666667,8,6,稳定拓展型三
1512,2113,525368335,9811363528,66.87,69,68,0.8776,45.0,True,1.0147058823529411,0.9691304347826087,True,True,0.9855072463768116,8,6,稳定拓展型三
1513,2116,525368335,9811363528,23.67,33,18,1.0,54.0,True,1.8333333333333333,0.7172727272727273,True,True,0.5454545454545454,8,7,低效长尾型二
1514,2127,525368335,9811363528,16.0,6,7,0.8333,7.0,True,0.8571428571428571,2.6666666666666665,True,True,1.1666666666666667,8,0,高价值转化型
1515,2146,525368335,9811363528,0.0,0,0,,,False,,,False,False,,8,2,低效长尾型
1516,2147,525368335,9811363528,12.55,11,5,1.0,27.0,True,2.2,1.1409090909090909,True,True,0.45454545454545453,8,7,低效长尾型二
1517,2166,525368335,9811363528,0.0,0,0,,,False,,,False,False,,8,2,低效长尾型
1518,2175,525368335,9811363528,8.76,7,19,0.75,144.0,True,0.3684210526315789,1.2514285714285713,True,True,2.7142857142857144,8,1,稳定拓展型
1519,2177,525368335,9811363528,0.0,0,0,,,False,,,False,False,,8,2,低效长尾型
1520,2180,525368335,9811363528,0.0,0,0,,,False,,,False,False,,8,2,低效长尾型
1521,2186,525368335,9811363528,8.06,8,48,0.8571,1078.0,True,0.16666666666666666,1.0075,True,True,6.0,8,1,稳定拓展型
1522,2191,525368335,9811363528,0.0,0,0,,,False,,,False,False,,8,2,低效长尾型
1523,2198,525368335,9811363528,2.35,2,2,1.0,166.0,True,1.0,1.175,True,True,1.0,8,7,低效长尾型二
1524,2206,525368335,9811363528,32.01,43,63,0.8378,162.0,True,0.6825396825396826,0.7444186046511627,True,True,1.4651162790697674,8,6,稳定拓展型三
1525,2214,525368335,9811363528,0.0,0,0,,,False,,,False,False,,8,2,低效长尾型
1526,2217,525368335,9811363528,2.02,2,8,0.5,41.0,True,0.25,1.01,True,True,4.0,8,1,稳定拓展型
1527,2225,525368335,9811363528,2.93,5,5,0.75,45.0,True,1.0,0.5860000000000001,True,True,1.0,8,6,稳定拓展型三
1528,2226,525368335,9811363528,0.0,0,0,,,False,,,False,False,,8,2,低效长尾型
1529,2231,525368335,9811363528,0.0,0,0,,,False,,,False,False,,8,2,低效长尾型
1530,2232,525368335,9811363528,0.0,0,0,,,False,,,False,False,,8,2,低效长尾型
1531,2233,525368335,9811363528,16.86,20,10,0.8889,175.0,True,2.0,0.843,True,True,0.5,8,4,稳定拓展型二
1532,2236,525368335,9811363528,0.0,0,0,,,False,,,False,False,,8,2,低效长尾型
1533,2238,525368335,9811363528,0.0,0,0,,,False,,,False,False,,8,2,低效长尾型
1534,2243,525368335,9811363528,2.54,2,3,0.5,86.0,True,0.6666666666666666,1.27,True,True,1.5,8,6,稳定拓展型三
1535,2267,525368335,9811363528,1.45,2,5,0.5,128.0,True,0.4,0.725,True,True,2.5,8,1,稳定拓展型
1536,2274,525368335,9811363528,15.49,4,0,0.0,,True,,3.8725,False,True,0.0,8,5,潜力挖掘型
1537,2277,525368335,9811363528,0.0,0,0,,,False,,,False,False,,8,2,低效长尾型
1538,2278,525368335,9811363528,0.72,1,2,0.0,4.0,True,0.5,0.72,True,True,2.0,8,5,潜力挖掘型
1539,2282,525368335,9811363528,0.0,0,0,,,False,,,False,False,,8,2,低效长尾型
1540,2283,525368335,9811363528,0.0,0,0,,,False,,,False,False,,8,2,低效长尾型
1541,2284,525368335,9811363528,0.0,0,0,,,False,,,False,False,,8,2,低效长尾型
1542,2288,525368335,9811363528,1.64,2,2,1.0,3.0,True,1.0,0.82,True,True,1.0,8,7,低效长尾型二
1543,2291,525368335,9811363528,2.75,3,0,0.0,,True,,0.9166666666666666,False,True,0.0,8,5,潜力挖掘型
1544,2295,525368335,9811363528,5.07,2,1,1.0,9.0,True,2.0,2.535,True,True,0.5,8,7,低效长尾型二
1545,2304,525368335,9811363528,9.61,12,11,0.75,61.0,True,1.0909090909090908,0.8008333333333333,True,True,0.9166666666666666,8,6,稳定拓展型三
1546,2322,525368335,9811363528,0.0,0,0,,,False,,,False,False,,8,2,低效长尾型
1547,2331,525368335,9811363528,3.33,4,5,1.0,64.0,True,0.8,0.8325,True,True,1.25,8,7,低效长尾型二
1548,2335,525368335,9811363528,0.59,1,0,0.0,,True,,0.59,False,True,0.0,8,5,潜力挖掘型
1549,2337,525368335,9811363528,0.0,0,0,,,False,,,False,False,,8,2,低效长尾型
1550,2339,525368335,9811363528,0.0,0,0,,,False,,,False,False,,8,2,低效长尾型
1551,2354,525368335,9811363528,60.44,58,87,0.6364,197.0,True,0.6666666666666666,1.0420689655172413,True,True,1.5,8,6,稳定拓展型三
1552,2356,525368335,9811363528,0.0,0,0,,,False,,,False,False,,8,2,低效长尾型
1553,2357,525368335,9811363528,7.84,9,19,0.7143,77.0,True,0.47368421052631576,0.8711111111111111,True,True,2.111111111111111,8,6,稳定拓展型三
1554,2371,525368335,9811363528,20.29,22,81,0.5294,209.0,True,0.2716049382716049,0.9222727272727272,True,True,3.6818181818181817,8,1,稳定拓展型
1555,2380,525368335,9811363528,0.0,0,0,,,False,,,False,False,,8,2,低效长尾型
1556,2382,525368335,9811363528,26.76,27,51,0.8182,149.0,True,0.5294117647058824,0.9911111111111112,True,True,1.8888888888888888,8,6,稳定拓展型三
1557,2387,525368335,9811363528,0.0,0,0,,,False,,,False,False,,8,2,低效长尾型
1558,2418,525368335,9811363528,7.31,6,7,0.8,16.0,True,0.8571428571428571,1.2183333333333333,True,True,1.1666666666666667,8,6,稳定拓展型三
1559,2422,525368335,9811363528,0.0,0,0,,,False,,,False,False,,8,2,低效长尾型
1560,2424,525368335,9811363528,6.26,4,3,1.0,1.0,True,1.3333333333333333,1.565,True,True,0.75,8,7,低效长尾型二
1561,2425,525368335,9811363528,0.0,0,0,,,False,,,False,False,,8,2,低效长尾型
1562,2426,525368335,9811363528,0.0,0,0,,,False,,,False,False,,8,2,低效长尾型
1563,2436,525368335,9811363528,1.86,2,1,1.0,1.0,True,2.0,0.93,True,True,0.5,8,7,低效长尾型二
1564,2441,525368335,9811363528,0.0,0,0,,,False,,,False,False,,8,2,低效长尾型
1565,2442,525368335,9811363528,2.2,2,0,0.0,,True,,1.1,False,True,0.0,8,5,潜力挖掘型
1566,2453,525368335,9811363528,2.48,3,1,1.0,120.0,True,3.0,0.8266666666666667,True,True,0.3333333333333333,8,7,低效长尾型二
1567,2458,525368335,9811363528,0.0,0,0,,,False,,,False,False,,8,2,低效长尾型
1568,2460,525368335,9811363528,0.84,1,1,1.0,11.0,True,1.0,0.84,True,True,1.0,8,7,低效长尾型二
1569,2465,525368335,9811363528,0.0,0,0,,,False,,,False,False,,8,2,低效长尾型
1570,2467,525368335,9811363528,4.9,8,2,0.0,16.0,True,4.0,0.6125,True,True,0.25,8,4,稳定拓展型二
1571,2474,525368335,9811363528,0.0,0,0,,,False,,,False,False,,8,2,低效长尾型
1572,2476,525368335,9811363528,0.0,0,0,,,False,,,False,False,,8,2,低效长尾型
1573,2482,525368335,9811363528,0.0,0,0,,,False,,,False,False,,8,2,低效长尾型
1574,2500,525368335,9811363528,27.75,34,83,0.5714,223.0,True,0.40963855421686746,0.8161764705882353,True,True,2.4411764705882355,8,1,稳定拓展型
1575,2509,525368335,9811363528,0.0,0,0,,,False,,,False,False,,8,2,低效长尾型
1576,2518,525368335,9811363528,16.92,15,61,0.5833,427.0,True,0.2459016393442623,1.1280000000000001,True,True,4.066666666666666,8,1,稳定拓展型
1577,2534,525368335,9811363528,12.84,11,25,0.75,119.0,True,0.44,1.1672727272727272,True,True,2.272727272727273,8,1,稳定拓展型
1578,2546,525368335,9811363528,12.2,11,56,0.4,251.0,True,0.19642857142857142,1.1090909090909091,True,True,5.090909090909091,8,1,稳定拓展型
1579,2547,525368335,9811363528,0.65,1,4,0.0,97.0,True,0.25,0.65,True,True,4.0,8,5,潜力挖掘型
1580,2549,525368335,9811363528,0.0,0,0,,,False,,,False,False,,8,2,低效长尾型
1581,2553,525368335,9811363528,2.88,4,2,1.0,61.0,True,2.0,0.72,True,True,0.5,8,7,低效长尾型二
1582,2557,525368335,9811363528,126.11,148,160,0.844,71.0,True,0.925,0.8520945945945946,True,True,1.0810810810810811,8,6,稳定拓展型三
1583,2559,525368335,9811363528,0.0,0,0,,,False,,,False,False,,8,2,低效长尾型
1584,2563,525368335,9811363528,0.0,0,0,,,False,,,False,False,,8,2,低效长尾型
1585,2564,525368335,9811363528,0.0,0,0,,,False,,,False,False,,8,2,低效长尾型
1586,2569,525368335,9811363528,8.56,6,19,0.8,152.0,True,0.3157894736842105,1.4266666666666667,True,True,3.1666666666666665,8,1,稳定拓展型
1587,2571,525368335,9811363528,7.58,8,5,1.0,7.0,True,1.6,0.9475,True,True,0.625,8,7,低效长尾型二
1588,2572,525368335,9811363528,4.75,5,7,0.75,50.0,True,0.7142857142857143,0.95,True,True,1.4,8,6,稳定拓展型三
1589,2577,525368335,9811363528,22.78,23,65,0.5,208.0,True,0.35384615384615387,0.9904347826086957,True,True,2.8260869565217392,8,1,稳定拓展型
1590,2578,525368335,9811363528,18.31,21,21,0.7692,115.0,True,1.0,0.8719047619047618,True,True,1.0,8,6,稳定拓展型三
1591,2583,525368335,9811363528,0.0,0,0,,,False,,,False,False,,8,2,低效长尾型
1592,2586,525368335,9811363528,5.37,2,1,1.0,120.0,True,2.0,2.685,True,True,0.5,8,7,低效长尾型二
1593,2591,525368335,9811363528,0.0,0,0,,,False,,,False,False,,8,2,低效长尾型
1594,2597,525368335,9811363528,12.23,15,19,0.6667,106.0,True,0.7894736842105263,0.8153333333333334,True,True,1.2666666666666666,8,6,稳定拓展型三
1595,2610,525368335,9811363528,0.1,1,1,1.0,2.0,True,1.0,0.1,True,True,1.0,8,7,低效长尾型二
1596,2616,525368335,9811363528,8.53,12,16,0.8,227.0,True,0.75,0.7108333333333333,True,True,1.3333333333333333,8,6,稳定拓展型三
1597,2618,525368335,9811363528,0.0,0,0,,,False,,,False,False,,8,2,低效长尾型
1598,2624,525368335,9811363528,43.85,44,57,0.8125,71.0,True,0.7719298245614035,0.9965909090909091,True,True,1.2954545454545454,8,6,稳定拓展型三
1599,2632,525368335,9811363528,0.0,0,0,,,False,,,False,False,,8,2,低效长尾型
1600,2633,525368335,9811363528,877.62,769,1298,0.6834,212.0,True,0.5924499229583975,1.1412483745123536,True,True,1.6879063719115734,8,6,稳定拓展型三
1601,2636,525368335,9811363528,0.0,0,0,,,False,,,False,False,,8,2,低效长尾型
1602,2638,525368335,9811363528,8.93,9,34,0.4286,304.0,True,0.2647058823529412,0.9922222222222222,True,True,3.7777777777777777,8,1,稳定拓展型
1603,2655,525368335,9811363528,0.99,3,3,1.0,43.0,True,1.0,0.33,True,True,1.0,8,7,低效长尾型二
1604,2665,525368335,9811363528,0.0,0,0,,,False,,,False,False,,8,2,低效长尾型
1605,2666,525368335,9811363528,0.0,0,0,,,False,,,False,False,,8,2,低效长尾型
1606,2668,525368335,9811363528,18.74,26,20,0.7857,88.0,True,1.3,0.7207692307692307,True,True,0.7692307692307693,8,6,稳定拓展型三
1607,2675,525368335,9811363528,1.83,1,5,0.0,140.0,True,0.2,1.83,True,True,5.0,8,5,潜力挖掘型
1608,2678,525368335,9811363528,0.0,0,0,,,False,,,False,False,,8,2,低效长尾型
1609,2684,525368335,9811363528,0.0,0,0,,,False,,,False,False,,8,2,低效长尾型
1610,2685,525368335,9811363528,0.0,0,0,,,False,,,False,False,,8,2,低效长尾型
1611,2705,525368335,9811363528,15.07,15,17,0.8462,36.0,True,0.8823529411764706,1.0046666666666666,True,True,1.1333333333333333,8,6,稳定拓展型三
1612,2711,525368335,9811363528,0.35,1,0,0.0,,True,,0.35,False,True,0.0,8,5,潜力挖掘型
1613,2718,525368335,9811363528,1.15,2,2,1.0,120.0,True,1.0,0.575,True,True,1.0,8,7,低效长尾型二
1614,2719,525368335,9811363528,1.63,3,5,0.6667,22.0,True,0.6,0.5433333333333333,True,True,1.6666666666666667,8,6,稳定拓展型三
1615,2724,525368335,9811363528,17.48,15,24,0.7692,145.0,True,0.625,1.1653333333333333,True,True,1.6,8,6,稳定拓展型三
1616,2731,525368335,9811363528,3.0,2,2,1.0,120.0,True,1.0,1.5,True,True,1.0,8,7,低效长尾型二
1617,2734,525368335,9811363528,7.95,8,54,0.4,679.0,True,0.14814814814814814,0.99375,True,True,6.75,8,1,稳定拓展型
1618,2738,525368335,9811363528,0.0,0,0,,,False,,,False,False,,8,2,低效长尾型
1619,2739,525368335,9811363528,0.0,0,0,,,False,,,False,False,,8,2,低效长尾型
1620,2742,525368335,9811363528,2201.88,6284,4228,0.9227,58.0,True,1.4862819299905392,0.35039465308720563,True,True,0.6728198599618078,8,4,稳定拓展型二
1621,2749,525368335,9811363528,4.24,5,3,1.0,4.0,True,1.6666666666666667,0.8480000000000001,True,True,0.6,8,7,低效长尾型二
1622,2754,525368335,9811363528,0.0,0,0,,,False,,,False,False,,8,2,低效长尾型
1623,2758,525368335,9811363528,0.0,0,0,,,False,,,False,False,,8,2,低效长尾型
1624,2759,525368335,9811363528,1.33,2,8,0.5,397.0,True,0.25,0.665,True,True,4.0,8,1,稳定拓展型
1625,2762,525368335,9811363528,3.98,5,4,1.0,62.0,True,1.25,0.796,True,True,0.8,8,7,低效长尾型二
1626,2767,525368335,9811363528,4.47,6,3,1.0,629.0,True,2.0,0.745,True,True,0.5,8,7,低效长尾型二
1627,2768,525368335,9811363528,3.5,4,2,1.0,61.0,True,2.0,0.875,True,True,0.5,8,7,低效长尾型二
1628,2770,525368335,9811363528,1.86,2,2,1.0,61.0,True,1.0,0.93,True,True,1.0,8,7,低效长尾型二
1629,2771,525368335,9811363528,0.0,0,0,,,False,,,False,False,,8,2,低效长尾型
1630,2775,525368335,9811363528,10.21,9,9,0.8333,64.0,True,1.0,1.1344444444444446,True,True,1.0,8,6,稳定拓展型三
1631,2790,525368335,9811363528,6.8,6,4,1.0,246.0,True,1.5,1.1333333333333333,True,True,0.6666666666666666,8,7,低效长尾型二
1632,2796,525368335,9811363528,0.56,1,1,1.0,120.0,True,1.0,0.56,True,True,1.0,8,7,低效长尾型二
1633,2799,525368335,9811363528,0.0,0,0,,,False,,,False,False,,8,2,低效长尾型
1634,2806,525368335,9811363528,45.31,44,60,0.8293,154.0,True,0.7333333333333333,1.0297727272727273,True,True,1.3636363636363635,8,6,稳定拓展型三
1635,2807,525368335,9811363528,128.13,146,236,0.8,32.0,True,0.6186440677966102,0.8776027397260273,True,True,1.6164383561643836,8,6,稳定拓展型三
1636,2826,525368335,9811363528,0.15,1,1,1.0,2.0,True,1.0,0.15,True,True,1.0,8,7,低效长尾型二
1637,2835,525368335,9811363528,2.16,2,15,0.5,309.0,True,0.13333333333333333,1.08,True,True,7.5,8,1,稳定拓展型
1638,2840,525368335,9811363528,0.0,0,0,,,False,,,False,False,,8,2,低效长尾型
1639,2843,525368335,9811363528,4124.08,5431,5542,0.7917,117.0,True,0.9799711295561169,0.7593592340268827,True,True,1.0204382250046031,8,6,稳定拓展型三
1640,2847,525368335,9811363528,0.0,0,0,,,False,,,False,False,,8,2,低效长尾型
1641,2854,525368335,9811363528,8.89,7,9,0.6667,123.0,True,0.7777777777777778,1.27,True,True,1.2857142857142858,8,6,稳定拓展型三
1642,2855,525368335,9811363528,10.02,11,10,1.0,92.0,True,1.1,0.9109090909090909,True,True,0.9090909090909091,8,7,低效长尾型二
1643,2858,525368335,9811363528,7.04,6,13,0.25,283.0,True,0.46153846153846156,1.1733333333333333,True,True,2.1666666666666665,8,1,稳定拓展型
1644,2859,525368335,9811363528,4.18,3,3,0.0,45.0,True,1.0,1.3933333333333333,True,True,1.0,8,5,潜力挖掘型
1645,2861,525368335,9811363528,0.0,0,0,,,False,,,False,False,,8,2,低效长尾型
1646,2875,525368335,9811363528,0.0,0,0,,,False,,,False,False,,8,2,低效长尾型
1647,2877,525368335,9811363528,1.46,1,3,0.5,72.0,True,0.3333333333333333,1.46,True,True,3.0,8,1,稳定拓展型
1648,2884,525368335,9811363528,0.0,0,0,,,False,,,False,False,,8,2,低效长尾型
1649,2888,525368335,9811363528,0.0,0,0,,,False,,,False,False,,8,2,低效长尾型
1650,2890,525368335,9811363528,3.71,4,82,0.3333,2573.0,True,0.04878048780487805,0.9275,True,True,20.5,8,1,稳定拓展型
1651,2904,525368335,9811363528,4.24,6,3,1.0,69.0,True,2.0,0.7066666666666667,True,True,0.5,8,7,低效长尾型二
1652,2905,525368335,9811363528,11.09,19,16,0.9091,83.0,True,1.1875,0.5836842105263158,True,True,0.8421052631578947,8,6,稳定拓展型三
1653,2914,525368335,9811363528,4623.04,5627,3428,0.7333,205.0,True,1.6414819136522754,0.821581659854274,True,True,0.6092056157810556,8,0,高价值转化型
1654,2916,525368335,9811363528,1.83,1,1,1.0,1.0,True,1.0,1.83,True,True,1.0,8,7,低效长尾型二
1655,2919,525368335,9811363528,90.58,106,104,0.9079,95.0,True,1.0192307692307692,0.8545283018867924,True,True,0.9811320754716981,8,6,稳定拓展型三
1656,2939,525368335,9811363528,0.0,0,0,,,False,,,False,False,,8,2,低效长尾型
1657,2947,525368335,9811363528,0.0,0,0,,,False,,,False,False,,8,2,低效长尾型
1658,2953,525368335,9811363528,0.85,1,1,1.0,,True,1.0,0.85,True,True,1.0,8,7,低效长尾型二
1659,2955,525368335,9811363528,2.82,5,5,1.0,43.0,True,1.0,0.564,True,True,1.0,8,7,低效长尾型二
1660,2961,525368335,9811363528,3144.54,4114,5321,0.9121,95.0,True,0.7731629392971247,0.7643509965969859,True,True,1.2933884297520661,8,6,稳定拓展型三
1661,2964,525368335,9811363528,4.03,3,2,1.0,7.0,True,1.5,1.3433333333333335,True,True,0.6666666666666666,8,7,低效长尾型二
1662,2975,525368335,9811363528,0.0,0,0,,,False,,,False,False,,8,2,低效长尾型
1663,2976,525368335,9811363528,0.15,1,1,1.0,1.0,True,1.0,0.15,True,True,1.0,8,7,低效长尾型二
1664,2978,525368335,9811363528,2698.76,4658,6365,0.9164,86.0,True,0.7318146111547525,0.5793817088879348,True,True,1.3664662945470158,8,6,稳定拓展型三
1665,2979,525368335,9811363528,0.0,0,0,,,False,,,False,False,,8,2,低效长尾型
1666,2989,525368335,9811363528,0.0,0,0,,,False,,,False,False,,8,2,低效长尾型
1667,2990,525368335,9811363528,3.5,2,1,1.0,2.0,True,2.0,1.75,True,True,0.5,8,7,低效长尾型二
1668,2994,525368335,9811363528,0.0,0,0,,,False,,,False,False,,8,2,低效长尾型
1669,2996,525368335,9811363528,1.0,1,3,0.0,21.0,True,0.3333333333333333,1.0,True,True,3.0,8,5,潜力挖掘型
1670,2997,525368335,9811363528,35.47,36,33,0.8571,55.0,True,1.0909090909090908,0.9852777777777777,True,True,0.9166666666666666,8,6,稳定拓展型三
1671,3009,525368335,9811363528,0.0,0,0,,,False,,,False,False,,8,2,低效长尾型
1672,3012,525368335,9811363528,0.0,0,0,,,False,,,False,False,,8,2,低效长尾型
1673,3022,525368335,9811363528,0.0,0,0,,,False,,,False,False,,8,2,低效长尾型
1674,3024,525368335,9811363528,4.23,5,14,0.6667,42.0,True,0.35714285714285715,0.8460000000000001,True,True,2.8,8,1,稳定拓展型
1675,3029,525368335,9811363528,1.8,1,3,0.0,51.0,True,0.3333333333333333,1.8,True,True,3.0,8,5,潜力挖掘型
1676,3035,525368335,9811363528,0.0,0,0,,,False,,,False,False,,8,2,低效长尾型
1677,3043,525368335,9811363528,0.95,1,8,0.0,141.0,True,0.125,0.95,True,True,8.0,8,5,潜力挖掘型
1678,3045,525368335,9811363528,24.51,22,68,0.3889,274.0,True,0.3235294117647059,1.1140909090909092,True,True,3.090909090909091,8,1,稳定拓展型
1679,3060,525368335,9811363528,0.0,0,0,,,False,,,False,False,,8,2,低效长尾型
1680,3062,525368335,9811363528,0.0,0,0,,,False,,,False,False,,8,2,低效长尾型
1681,3063,525368335,9811363528,0.0,0,0,,,False,,,False,False,,8,2,低效长尾型
1682,3068,525368335,9811363528,0.0,0,0,,,False,,,False,False,,8,2,低效长尾型
1683,3072,525368335,9811363528,5.77,6,6,1.0,70.0,True,1.0,0.9616666666666666,True,True,1.0,8,7,低效长尾型二
1684,3073,525368335,9811363528,38.81,35,99,0.6,110.0,True,0.35353535353535354,1.108857142857143,True,True,2.8285714285714287,8,1,稳定拓展型
1685,3076,525368335,9811363528,0.0,0,0,,,False,,,False,False,,8,2,低效长尾型
1686,3078,525368335,9811363528,33.02,29,54,0.6364,167.0,True,0.5370370370370371,1.1386206896551725,True,True,1.8620689655172413,8,6,稳定拓展型三
1687,3082,525368335,9811363528,1.32,1,1,1.0,1.0,True,1.0,1.32,True,True,1.0,8,7,低效长尾型二
1688,3090,525368335,9811363528,1.9,1,0,0.0,,True,,1.9,False,True,0.0,8,5,潜力挖掘型
1689,3102,525368335,9811363528,0.0,0,0,,,False,,,False,False,,8,2,低效长尾型
1690,3107,525368335,9811363528,0.0,0,0,,,False,,,False,False,,8,2,低效长尾型
1691,3116,525368335,9811363528,0.0,0,0,,,False,,,False,False,,8,2,低效长尾型
1692,3124,525368335,9811363528,0.3,2,2,1.0,120.0,True,1.0,0.15,True,True,1.0,8,7,低效长尾型二
1693,3126,525368335,9811363528,0.0,0,0,,,False,,,False,False,,8,2,低效长尾型
1694,3135,525368335,9811363528,0.0,0,0,,,False,,,False,False,,8,2,低效长尾型
1695,3138,525368335,9811363528,0.0,0,0,,,False,,,False,False,,8,2,低效长尾型
1696,3147,525368335,9811363528,0.0,0,0,,,False,,,False,False,,8,2,低效长尾型
1697,3151,525368335,9811363528,0.0,0,0,,,False,,,False,False,,8,2,低效长尾型
1698,3158,525368335,9811363528,1.99,1,1,1.0,11.0,True,1.0,1.99,True,True,1.0,8,7,低效长尾型二
1699,3164,525368335,9811363528,0.0,0,0,,,False,,,False,False,,8,2,低效长尾型
1700,3178,525368335,9811363528,10.08,13,14,0.8889,88.0,True,0.9285714285714286,0.7753846153846153,True,True,1.0769230769230769,8,6,稳定拓展型三
1701,3179,525368335,9811363528,3.04,5,4,0.6667,1275.0,True,1.25,0.608,True,True,0.8,8,6,稳定拓展型三
1702,3181,525368335,9811363528,11.07,13,50,0.75,623.0,True,0.26,0.8515384615384616,True,True,3.8461538461538463,8,1,稳定拓展型
1703,3182,525368335,9811363528,0.0,0,0,,,False,,,False,False,,8,2,低效长尾型
1704,3185,525368335,9811363528,2.72,4,2,1.0,62.0,True,2.0,0.68,True,True,0.5,8,7,低效长尾型二
1705,3188,525368335,9811363528,0.0,0,0,,,False,,,False,False,,8,2,低效长尾型
1706,3202,525368335,9811363528,32.23,27,119,0.6316,228.0,True,0.226890756302521,1.1937037037037035,True,True,4.407407407407407,8,1,稳定拓展型
1707,3206,525368335,9811363528,0.0,0,0,,,False,,,False,False,,8,2,低效长尾型
1708,3211,525368335,9811363528,4.96,6,6,1.0,26.0,True,1.0,0.8266666666666667,True,True,1.0,8,7,低效长尾型二
1709,3222,525368335,9811363528,1176.51,172,337,0.7801,144.0,True,0.5103857566765578,6.840174418604651,True,True,1.9593023255813953,8,0,高价值转化型
1710,3235,525368335,9811363528,0.0,0,0,,,False,,,False,False,,8,2,低效长尾型
1711,3262,525368335,9811363528,0.0,0,0,,,False,,,False,False,,8,2,低效长尾型
1712,3267,525368335,9811363528,9.34,6,8,0.6667,57.0,True,0.75,1.5566666666666666,True,True,1.3333333333333333,8,6,稳定拓展型三
1713,3275,525368335,9811363528,0.0,0,0,,,False,,,False,False,,8,2,低效长尾型
1714,3280,525368335,9811363528,30.61,27,55,0.75,218.0,True,0.4909090909090909,1.1337037037037037,True,True,2.037037037037037,8,6,稳定拓展型三
1715,3281,525368335,9811363528,1.75,2,1,1.0,120.0,True,2.0,0.875,True,True,0.5,8,7,低效长尾型二
1716,3284,525368335,9811363528,0.0,0,0,,,False,,,False,False,,8,2,低效长尾型
1717,3300,525368335,9811363528,0.1,1,0,0.0,,True,,0.1,False,True,0.0,8,5,潜力挖掘型
1718,3305,525368335,9811363528,10.73,11,11,0.75,32.0,True,1.0,0.9754545454545455,True,True,1.0,8,6,稳定拓展型三
1719,3313,525368335,9811363528,36.15,43,107,0.5143,400.0,True,0.40186915887850466,0.8406976744186047,True,True,2.488372093023256,8,1,稳定拓展型
1720,3320,525368335,9811363528,0.15,1,1,1.0,,True,1.0,0.15,True,True,1.0,8,7,低效长尾型二
1721,3326,525368335,9811363528,0.0,0,0,,,False,,,False,False,,8,2,低效长尾型
1722,3331,525368335,9811363528,1.01,1,1,1.0,120.0,True,1.0,1.01,True,True,1.0,8,7,低效长尾型二
1723,3333,525368335,9811363528,0.0,0,0,,,False,,,False,False,,8,2,低效长尾型
1724,3340,525368335,9811363528,0.0,0,0,,,False,,,False,False,,8,2,低效长尾型
1725,3347,525368335,9811363528,0.0,0,0,,,False,,,False,False,,8,2,低效长尾型
1726,3348,525368335,9811363528,0.0,0,0,,,False,,,False,False,,8,2,低效长尾型
1727,3352,525368335,9811363528,4.01,3,3,1.0,81.0,True,1.0,1.3366666666666667,True,True,1.0,8,7,低效长尾型二
1728,3359,525368335,9811363528,2.83,3,1,1.0,6.0,True,3.0,0.9433333333333334,True,True,0.3333333333333333,8,7,低效长尾型二
1729,3363,525368335,9811363528,0.0,0,0,,,False,,,False,False,,8,2,低效长尾型
1730,3365,525368335,9811363528,1.95,1,2,0.0,70.0,True,0.5,1.95,True,True,2.0,8,5,潜力挖掘型
1731,3369,525368335,9811363528,0.0,0,0,,,False,,,False,False,,8,2,低效长尾型
1732,3375,525368335,9811363528,0.0,0,0,,,False,,,False,False,,8,2,低效长尾型
1733,3387,525368335,9811363528,0.0,0,0,,,False,,,False,False,,8,2,低效长尾型
1734,3392,525368335,9811363528,0.0,0,0,,,False,,,False,False,,8,2,低效长尾型
1735,3395,525368335,9811363528,0.0,0,0,,,False,,,False,False,,8,2,低效长尾型
1736,3396,525368335,9811363528,1.26,1,1,1.0,4.0,True,1.0,1.26,True,True,1.0,8,7,低效长尾型二
1737,3413,525368335,9811363528,1.41,1,1,1.0,10.0,True,1.0,1.41,True,True,1.0,8,7,低效长尾型二
1738,3431,525368335,9811363528,0.0,0,0,,,False,,,False,False,,8,2,低效长尾型
1739,3442,525368335,9811363528,0.0,0,0,,,False,,,False,False,,8,2,低效长尾型
1740,3446,525368335,9811363528,0.0,0,0,,,False,,,False,False,,8,2,低效长尾型
1741,3453,525368335,9811363528,0.0,0,0,,,False,,,False,False,,8,2,低效长尾型
1742,3455,525368335,9811363528,0.0,0,0,,,False,,,False,False,,8,2,低效长尾型
1743,3456,525368335,9811363528,0.0,0,0,,,False,,,False,False,,8,2,低效长尾型
1744,3460,525368335,9811363528,0.6,1,0,0.0,,True,,0.6,False,True,0.0,8,5,潜力挖掘型
1745,3463,525368335,9811363528,0.53,2,2,1.0,120.0,True,1.0,0.265,True,True,1.0,8,7,低效长尾型二
1746,3473,525368335,9811363528,7.85,7,13,0.75,139.0,True,0.5384615384615384,1.1214285714285714,True,True,1.8571428571428572,8,6,稳定拓展型三
1747,3476,525368335,9811363528,6.72,7,19,0.75,405.0,True,0.3684210526315789,0.96,True,True,2.7142857142857144,8,1,稳定拓展型
1748,3481,525368335,9811363528,8.14,12,62,0.4,474.0,True,0.1935483870967742,0.6783333333333333,True,True,5.166666666666667,8,1,稳定拓展型
1749,3486,525368335,9811363528,0.15,1,2,0.0,39.0,True,0.5,0.15,True,True,2.0,8,5,潜力挖掘型
1750,3487,525368335,9811363528,5.23,5,4,1.0,4.0,True,1.25,1.046,True,True,0.8,8,7,低效长尾型二
1751,3495,525368335,9811363528,2.74,4,10,0.6667,226.0,True,0.4,0.685,True,True,2.5,8,1,稳定拓展型
1752,3505,525368335,9811363528,0.0,0,0,,,False,,,False,False,,8,2,低效长尾型
1753,3515,525368335,9811363528,2110.21,88,180,0.6615,152.0,True,0.4888888888888889,23.97965909090909,True,True,2.0454545454545454,8,0,高价值转化型
1754,3529,525368335,9811363528,0.0,0,0,,,False,,,False,False,,8,2,低效长尾型
1755,3535,525368335,9811363528,9.73,8,21,0.5714,157.0,True,0.38095238095238093,1.21625,True,True,2.625,8,1,稳定拓展型
1756,3541,525368335,9811363528,3.12,4,3,0.0,1359.0,True,1.3333333333333333,0.78,True,True,0.75,8,5,潜力挖掘型
1757,3543,525368335,9811363528,0.0,0,0,,,False,,,False,False,,8,2,低效长尾型
1758,3544,525368335,9811363528,0.9,1,4,0.0,444.0,True,0.25,0.9,True,True,4.0,8,5,潜力挖掘型
1759,3566,525368335,9811363528,0.0,0,0,,,False,,,False,False,,8,2,低效长尾型
1760,3575,525368335,9811363528,167.95,71,201,0.6,316.0,True,0.35323383084577115,2.3654929577464787,True,True,2.8309859154929575,8,1,稳定拓展型
1761,3586,525368335,9811363528,0.0,0,0,,,False,,,False,False,,8,2,低效长尾型
1762,3595,525368335,9811363528,3343.5,420,418,0.8,121.0,True,1.0047846889952152,7.960714285714285,True,True,0.9952380952380953,8,0,高价值转化型
1763,3597,525368335,9811363528,44.81,51,65,0.8333,110.0,True,0.7846153846153846,0.8786274509803922,True,True,1.2745098039215685,8,6,稳定拓展型三
1764,3622,525368335,9811363528,0.0,0,0,,,False,,,False,False,,8,2,低效长尾型
1765,3634,525368335,9811363528,1.18,1,0,0.0,,True,,1.18,False,True,0.0,8,5,潜力挖掘型
1766,3640,525368335,9811363528,0.0,0,0,,,False,,,False,False,,8,2,低效长尾型
1767,3643,525368335,9811363528,3.44,5,4,1.0,96.0,True,1.25,0.688,True,True,0.8,8,7,低效长尾型二
1768,3649,525368335,9811363528,33.42,4,3,0.0,56.0,True,1.3333333333333333,8.355,True,True,0.75,8,0,高价值转化型
1769,3657,525368335,9811363528,0.0,0,0,,,False,,,False,False,,8,2,低效长尾型
1770,3659,525368335,9811363528,0.0,0,0,,,False,,,False,False,,8,2,低效长尾型
1771,3663,525368335,9811363528,0.0,0,0,,,False,,,False,False,,8,2,低效长尾型
1772,3665,525368335,9811363528,3.95,5,15,0.6667,68.0,True,0.3333333333333333,0.79,True,True,3.0,8,1,稳定拓展型
1773,3671,525368335,9811363528,0.0,0,0,,,False,,,False,False,,8,2,低效长尾型
1774,3673,525368335,9811363528,0.85,1,0,0.0,,True,,0.85,False,True,0.0,8,5,潜力挖掘型
1775,3679,525368335,9811363528,0.0,0,0,,,False,,,False,False,,8,2,低效长尾型
1776,3685,525368335,9811363528,0.0,0,0,,,False,,,False,False,,8,2,低效长尾型
1777,3692,525368335,9811363528,16.38,15,49,0.5,306.0,True,0.30612244897959184,1.0919999999999999,True,True,3.2666666666666666,8,1,稳定拓展型
1778,3697,525368335,9811363528,1.28,1,0,0.0,,True,,1.28,False,True,0.0,8,5,潜力挖掘型
1779,3698,525368335,9811363528,0.0,0,0,,,False,,,False,False,,8,2,低效长尾型
1780,3703,525368335,9811363528,1.28,1,1,1.0,1156.0,True,1.0,1.28,True,True,1.0,8,7,低效长尾型二
1781,3704,525368335,9811363528,0.0,0,0,,,False,,,False,False,,8,2,低效长尾型
1782,3705,525368335,9811363528,0.0,0,0,,,False,,,False,False,,8,2,低效长尾型
1783,3716,525368335,9811363528,1.44,1,1,1.0,11.0,True,1.0,1.44,True,True,1.0,8,7,低效长尾型二
1784,3733,525368335,9811363528,0.71,1,1,1.0,120.0,True,1.0,0.71,True,True,1.0,8,7,低效长尾型二
1785,3742,525368335,9811363528,1.99,2,1,1.0,120.0,True,2.0,0.995,True,True,0.5,8,7,低效长尾型二
1786,3749,525368335,9811363528,11.54,14,11,1.0,36.0,True,1.2727272727272727,0.8242857142857142,True,True,0.7857142857142857,8,7,低效长尾型二
1787,3750,525368335,9811363528,0.0,0,0,,,False,,,False,False,,8,2,低效长尾型
1788,3759,525368335,9811363528,0.97,1,1,1.0,1.0,True,1.0,0.97,True,True,1.0,8,7,低效长尾型二
1789,3760,525368335,9811363528,9.1,17,15,0.9286,96.0,True,1.1333333333333333,0.5352941176470588,True,True,0.8823529411764706,8,6,稳定拓展型三
1790,3769,525368335,9811363528,4.68,6,12,0.8,67.0,True,0.5,0.7799999999999999,True,True,2.0,8,6,稳定拓展型三
1791,3775,525368335,9811363528,4.81,4,6,0.75,47.0,True,0.6666666666666666,1.2025,True,True,1.5,8,6,稳定拓展型三
1792,3779,525368335,9811363528,2.4,2,0,0.0,,True,,1.2,False,True,0.0,8,5,潜力挖掘型
1793,3814,525368335,9811363528,0.0,0,0,,,False,,,False,False,,8,2,低效长尾型
1794,3819,525368335,9811363528,0.0,0,0,,,False,,,False,False,,8,2,低效长尾型
1795,3821,525368335,9811363528,0.0,0,0,,,False,,,False,False,,8,2,低效长尾型
1796,3835,525368335,9811363528,0.0,0,0,,,False,,,False,False,,8,2,低效长尾型
1797,3843,525368335,9811363528,6.63,5,13,0.4,74.0,True,0.38461538461538464,1.326,True,True,2.6,8,1,稳定拓展型
1798,3844,525368335,9811363528,0.0,0,0,,,False,,,False,False,,8,2,低效长尾型
1799,3857,525368335,9811363528,0.0,0,0,,,False,,,False,False,,8,2,低效长尾型
1800,3865,525368335,9811363528,0.0,0,0,,,False,,,False,False,,8,2,低效长尾型
1801,3893,525368335,9811363528,0.0,0,0,,,False,,,False,False,,8,2,低效长尾型
1802,3907,525368335,9811363528,0.0,0,0,,,False,,,False,False,,8,2,低效长尾型
1803,3916,525368335,9811363528,0.58,1,0,0.0,,True,,0.58,False,True,0.0,8,5,潜力挖掘型
1804,3921,525368335,9811363528,0.0,0,0,,,False,,,False,False,,8,2,低效长尾型
1805,3923,525368335,9811363528,316.24,20,94,0.5263,244.0,True,0.2127659574468085,15.812000000000001,True,True,4.7,8,0,高价值转化型
1806,3924,525368335,9811363528,4.53,6,21,0.5,246.0,True,0.2857142857142857,0.755,True,True,3.5,8,1,稳定拓展型
1807,3934,525368335,9811363528,4.48,4,6,0.6667,131.0,True,0.6666666666666666,1.12,True,True,1.5,8,6,稳定拓展型三
1808,3936,525368335,9811363528,155.23,28,51,0.8696,72.0,True,0.5490196078431373,5.543928571428571,True,True,1.8214285714285714,8,0,高价值转化型
1809,3949,525368335,9811363528,13.87,13,6,1.0,124.0,True,2.1666666666666665,1.0669230769230769,True,True,0.46153846153846156,8,7,低效长尾型二
1810,3951,525368335,9811363528,4.31,1,0,0.0,,True,,4.31,False,True,0.0,8,5,潜力挖掘型
1811,3964,525368335,9811363528,0.0,0,0,,,False,,,False,False,,8,2,低效长尾型
1812,3968,525368335,9811363528,0.0,0,0,,,False,,,False,False,,8,2,低效长尾型
1813,3973,525368335,9811363528,0.0,0,0,,,False,,,False,False,,8,2,低效长尾型
1814,3979,525368335,9811363528,1.82,1,1,1.0,,True,1.0,1.82,True,True,1.0,8,7,低效长尾型二
1815,3989,525368335,9811363528,0.0,0,0,,,False,,,False,False,,8,2,低效长尾型
1816,3991,525368335,9811363528,10.09,7,9,0.6,38.0,True,0.7777777777777778,1.4414285714285715,True,True,1.2857142857142858,8,6,稳定拓展型三
1817,3996,525368335,9811363528,1.7,6,5,0.75,569.0,True,1.2,0.2833333333333333,True,True,0.8333333333333334,8,4,稳定拓展型二
1818,4005,525368335,9811363528,3.61,1,1,1.0,922.0,True,1.0,3.61,True,True,1.0,8,0,高价值转化型
1819,4012,525368335,9811363528,1.78,5,4,0.6667,82.0,True,1.25,0.356,True,True,0.8,8,4,稳定拓展型二
1820,4015,525368335,9811363528,0.0,0,0,,,False,,,False,False,,8,2,低效长尾型
1821,4020,525368335,9811363528,0.0,0,0,,,False,,,False,False,,8,2,低效长尾型
1822,4025,525368335,9811363528,4371.61,319,1051,0.5397,264.0,True,0.30352045670789723,13.704106583072099,True,True,3.2946708463949843,8,0,高价值转化型
1823,4026,525368335,9811363528,0.0,0,0,,,False,,,False,False,,8,2,低效长尾型
1824,4032,525368335,9811363528,11.18,11,52,0.2727,252.0,True,0.21153846153846154,1.0163636363636364,True,True,4.7272727272727275,8,1,稳定拓展型
1825,4039,525368335,9811363528,1.21,2,2,1.0,29.0,True,1.0,0.605,True,True,1.0,8,7,低效长尾型二
1826,4041,525368335,9811363528,0.78,1,2,0.0,15.0,True,0.5,0.78,True,True,2.0,8,5,潜力挖掘型
1827,4042,525368335,9811363528,1.73,7,20,0.25,350.0,True,0.35,0.24714285714285714,True,True,2.857142857142857,8,1,稳定拓展型
1828,4045,525368335,9811363528,2116.51,24,117,0.5714,341.0,True,0.20512820512820512,88.18791666666668,True,True,4.875,8,3,高成本浪费型
1829,4051,525368335,9811363528,0.0,0,0,,,False,,,False,False,,8,2,低效长尾型
1830,4053,525368335,9811363528,223.0,37,100,0.7333,287.0,True,0.37,6.027027027027027,True,True,2.7027027027027026,8,0,高价值转化型
1831,4082,525368335,9811363528,0.0,0,0,,,False,,,False,False,,8,2,低效长尾型
1832,4089,525368335,9811363528,0.0,0,0,,,False,,,False,False,,8,2,低效长尾型
1833,4090,525368335,9811363528,15.57,18,15,0.8182,59.0,True,1.2,0.865,True,True,0.8333333333333334,8,6,稳定拓展型三
1834,4091,525368335,9811363528,44.79,64,337,0.4,581.0,True,0.18991097922848665,0.69984375,True,True,5.265625,8,1,稳定拓展型
1835,4106,525368335,9811363528,0.0,0,0,,,False,,,False,False,,8,2,低效长尾型
1836,4108,525368335,9811363528,2.36,3,2,0.0,82.0,True,1.5,0.7866666666666666,True,True,0.6666666666666666,8,5,潜力挖掘型
1837,4111,525368335,9811363528,0.54,1,1,1.0,120.0,True,1.0,0.54,True,True,1.0,8,7,低效长尾型二
1838,4152,525368335,9811363528,0.0,0,0,,,False,,,False,False,,8,2,低效长尾型
1839,4153,525368335,9811363528,0.0,0,0,,,False,,,False,False,,8,2,低效长尾型
1840,4158,525368335,9811363528,4.79,3,3,1.0,312.0,True,1.0,1.5966666666666667,True,True,1.0,8,7,低效长尾型二
1841,4162,525368335,9811363528,0.0,0,0,,,False,,,False,False,,8,2,低效长尾型
1842,4163,525368335,9811363528,1.26,1,0,0.0,,True,,1.26,False,True,0.0,8,5,潜力挖掘型
1843,4171,525368335,9811363528,5.91,6,7,0.75,258.0,True,0.8571428571428571,0.985,True,True,1.1666666666666667,8,6,稳定拓展型三
1844,4184,525368335,9811363528,0.0,0,0,,,False,,,False,False,,8,2,低效长尾型
1845,4189,525368335,9811363528,8.85,8,19,0.3333,77.0,True,0.42105263157894735,1.10625,True,True,2.375,8,1,稳定拓展型
1846,4199,525368335,9811363528,0.0,0,0,,,False,,,False,False,,8,2,低效长尾型
1847,4202,525368335,9811363528,1.12,1,0,0.0,,True,,1.12,False,True,0.0,8,5,潜力挖掘型
1848,4210,525368335,9811363528,13.71,12,18,0.75,130.0,True,0.6666666666666666,1.1425,True,True,1.5,8,6,稳定拓展型三
1849,4212,525368335,9811363528,37.2,30,81,0.6667,242.0,True,0.37037037037037035,1.24,True,True,2.7,8,1,稳定拓展型
1850,4224,525368335,9811363528,0.0,0,0,,,False,,,False,False,,8,2,低效长尾型
1851,4236,525368335,9811363528,0.0,0,0,,,False,,,False,False,,8,2,低效长尾型
1852,4248,525368335,9811363528,0.0,0,0,,,False,,,False,False,,8,2,低效长尾型
1853,4249,525368335,9811363528,0.0,0,0,,,False,,,False,False,,8,2,低效长尾型
1854,4251,525368335,9811363528,2.47,4,2,1.0,90.0,True,2.0,0.6175,True,True,0.5,8,7,低效长尾型二
1855,4254,525368335,9811363528,0.93,3,1,1.0,120.0,True,3.0,0.31,True,True,0.3333333333333333,8,4,稳定拓展型二
1856,4255,525368335,9811363528,7.61,25,149,0.381,369.0,True,0.16778523489932887,0.3044,True,True,5.96,8,1,稳定拓展型
1857,4260,525368335,9811363528,362.82,62,58,0.913,49.0,True,1.0689655172413792,5.851935483870967,True,True,0.9354838709677419,8,0,高价值转化型
1858,4261,525368335,9811363528,12.22,54,9,1.0,54.0,True,6.0,0.2262962962962963,True,True,0.16666666666666666,8,4,稳定拓展型二
1859,4264,525368335,9811363528,0.15,1,1,1.0,2.0,True,1.0,0.15,True,True,1.0,8,7,低效长尾型二
1860,4269,525368335,9811363528,0.0,0,0,,,False,,,False,False,,8,2,低效长尾型
1861,4288,525368335,9811363528,0.0,0,0,,,False,,,False,False,,8,2,低效长尾型
1862,4289,525368335,9811363528,1.5,1,0,0.0,,True,,1.5,False,True,0.0,8,5,潜力挖掘型
1863,4290,525368335,9811363528,0.0,0,0,,,False,,,False,False,,8,2,低效长尾型
1864,4292,525368335,9811363528,3.3,3,2,1.0,61.0,True,1.5,1.0999999999999999,True,True,0.6666666666666666,8,7,低效长尾型二
1865,4296,525368335,9811363528,0.0,0,0,,,False,,,False,False,,8,2,低效长尾型
1866,4307,525368335,9811363528,1.92,2,10,0.0,71.0,True,0.2,0.96,True,True,5.0,8,5,潜力挖掘型
1867,4323,525368335,9811363528,5.2,5,4,1.0,104.0,True,1.25,1.04,True,True,0.8,8,7,低效长尾型二
1868,4333,525368335,9811363528,3.45,2,3,0.5,66.0,True,0.6666666666666666,1.725,True,True,1.5,8,1,稳定拓展型
1869,4340,525368335,9811363528,0.0,0,0,,,False,,,False,False,,8,2,低效长尾型
1870,4352,525368335,9811363528,29.26,39,434,0.2927,677.0,True,0.08986175115207373,0.7502564102564103,True,True,11.128205128205128,8,1,稳定拓展型
1871,4366,525368335,9811363528,1.82,3,4,0.6667,76.0,True,0.75,0.6066666666666667,True,True,1.3333333333333333,8,6,稳定拓展型三
1872,4376,525368335,9811363528,0.0,0,0,,,False,,,False,False,,8,2,低效长尾型
1873,4378,525368335,9811363528,23.08,17,38,0.5882,87.0,True,0.4473684210526316,1.3576470588235292,True,True,2.235294117647059,8,1,稳定拓展型
1874,4379,525368335,9811363528,4.62,5,6,0.8,33.0,True,0.8333333333333334,0.924,True,True,1.2,8,6,稳定拓展型三
1875,4387,525368335,9811363528,0.0,0,0,,,False,,,False,False,,8,2,低效长尾型
1876,4390,525368335,9811363528,0.0,0,0,,,False,,,False,False,,8,2,低效长尾型
1877,4393,525368335,9811363528,3.55,2,4,0.0,62.0,True,0.5,1.775,True,True,2.0,8,5,潜力挖掘型
1878,4397,525368335,9811363528,15.91,19,10,1.0,58.0,True,1.9,0.8373684210526315,True,True,0.5263157894736842,8,7,低效长尾型二
1879,4399,525368335,9811363528,2.49,5,7,0.75,62.0,True,0.7142857142857143,0.49800000000000005,True,True,1.4,8,6,稳定拓展型三
1880,4418,525368335,9811363528,10.74,8,16,0.75,39.0,True,0.5,1.3425,True,True,2.0,8,6,稳定拓展型三
1881,4420,525368335,9811363528,1.53,1,1,1.0,,True,1.0,1.53,True,True,1.0,8,7,低效长尾型二
1882,4422,525368335,9811363528,0.0,0,0,,,False,,,False,False,,8,2,低效长尾型
1883,4437,525368335,9811363528,129.39,89,223,0.5616,213.0,True,0.3991031390134529,1.453820224719101,True,True,2.50561797752809,8,1,稳定拓展型
1884,4438,525368335,9811363528,0.0,0,0,,,False,,,False,False,,8,2,低效长尾型
1885,4442,525368335,9811363528,0.0,0,0,,,False,,,False,False,,8,2,低效长尾型
1886,4443,525368335,9811363528,1.39,1,1,1.0,1.0,True,1.0,1.39,True,True,1.0,8,7,低效长尾型二
1887,4447,525368335,9811363528,0.0,0,0,,,False,,,False,False,,8,2,低效长尾型
1888,4453,525368335,9811363528,0.0,0,0,,,False,,,False,False,,8,2,低效长尾型
1889,4463,525368335,9811363528,0.0,0,0,,,False,,,False,False,,8,2,低效长尾型
1890,4465,525368335,9811363528,0.0,0,0,,,False,,,False,False,,8,2,低效长尾型
1891,4476,525368335,9811363528,2.68,4,2,1.0,120.0,True,2.0,0.67,True,True,0.5,8,7,低效长尾型二
1892,4479,525368335,9811363528,18.44,21,23,0.9444,53.0,True,0.9130434782608695,0.8780952380952382,True,True,1.0952380952380953,8,6,稳定拓展型三
1893,4480,525368335,9811363528,3.63,3,11,0.5,596.0,True,0.2727272727272727,1.21,True,True,3.6666666666666665,8,1,稳定拓展型
1894,4483,525368335,9811363528,0.0,0,0,,,False,,,False,False,,8,2,低效长尾型
1895,4494,525368335,9811363528,0.0,0,0,,,False,,,False,False,,8,2,低效长尾型
1896,4508,525368335,9811363528,0.0,0,0,,,False,,,False,False,,8,2,低效长尾型
1897,4519,525368335,9811363528,5.33,8,9,0.6,50.0,True,0.8888888888888888,0.66625,True,True,1.125,8,6,稳定拓展型三
1898,4526,525368335,9811363528,0.0,0,0,,,False,,,False,False,,8,2,低效长尾型
1899,4529,525368335,9811363528,8.37,7,5,1.0,73.0,True,1.4,1.1957142857142855,True,True,0.7142857142857143,8,7,低效长尾型二
1900,4530,525368335,9811363528,0.0,0,0,,,False,,,False,False,,8,2,低效长尾型
1901,4541,525368335,9811363528,1.13,1,1,1.0,41.0,True,1.0,1.13,True,True,1.0,8,7,低效长尾型二
1902,4544,525368335,9811363528,1.61,2,3,0.5,13.0,True,0.6666666666666666,0.805,True,True,1.5,8,1,稳定拓展型
1903,4545,525368335,9811363528,0.0,0,0,,,False,,,False,False,,8,2,低效长尾型
1904,4549,525368335,9811363528,3.28,2,65,0.5,3529.0,True,0.03076923076923077,1.64,True,True,32.5,8,1,稳定拓展型
1905,4550,525368335,9811363528,3.97,3,2,1.0,62.0,True,1.5,1.3233333333333335,True,True,0.6666666666666666,8,7,低效长尾型二
1906,4556,525368335,9811363528,0.0,0,0,,,False,,,False,False,,8,2,低效长尾型
1907,4557,525368335,9811363528,0.52,1,1,1.0,120.0,True,1.0,0.52,True,True,1.0,8,7,低效长尾型二
1908,4573,525368335,9811363528,0.0,0,0,,,False,,,False,False,,8,2,低效长尾型
1909,4578,525368335,9811363528,4.05,5,1,1.0,7.0,True,5.0,0.8099999999999999,True,True,0.2,8,4,稳定拓展型二
1910,4583,525368335,9811363528,0.0,0,0,,,False,,,False,False,,8,2,低效长尾型
1911,4594,525368335,9811363528,2076.36,273,546,0.7826,227.0,True,0.5,7.605714285714286,True,True,2.0,8,0,高价值转化型
1912,4601,525368335,9811363528,0.0,0,0,,,False,,,False,False,,8,2,低效长尾型
1913,4606,525368335,9811363528,146.02,51,93,0.7381,101.0,True,0.5483870967741935,2.863137254901961,True,True,1.8235294117647058,8,0,高价值转化型
1914,4614,525368335,9811363528,19.9,24,120,0.3684,373.0,True,0.2,0.8291666666666666,True,True,5.0,8,1,稳定拓展型
1915,4615,525368335,9811363528,2.39,2,2,1.0,68.0,True,1.0,1.195,True,True,1.0,8,7,低效长尾型二
1916,4616,525368335,9811363528,0.0,0,0,,,False,,,False,False,,8,2,低效长尾型
1917,4621,525368335,9811363528,9.04,11,19,0.8,153.0,True,0.5789473684210527,0.8218181818181818,True,True,1.7272727272727273,8,6,稳定拓展型三
1918,4629,525368335,9811363528,0.0,0,0,,,False,,,False,False,,8,2,低效长尾型
1919,4631,525368335,9811363528,0.0,0,0,,,False,,,False,False,,8,2,低效长尾型
1920,4635,525368335,9811363528,0.0,0,0,,,False,,,False,False,,8,2,低效长尾型
1921,4637,525368335,9811363528,3.48,3,3,1.0,111.0,True,1.0,1.16,True,True,1.0,8,7,低效长尾型二
1922,4638,525368335,9811363528,0.37,1,1,1.0,120.0,True,1.0,0.37,True,True,1.0,8,7,低效长尾型二
1923,4639,525368335,9811363528,1.71,3,2,1.0,109.0,True,1.5,0.57,True,True,0.6666666666666666,8,7,低效长尾型二
1924,4647,525368335,9811363528,0.0,0,0,,,False,,,False,False,,8,2,低效长尾型
1925,4660,525368335,9811363528,0.28,1,1,1.0,6.0,True,1.0,0.28,True,True,1.0,8,7,低效长尾型二
1926,4662,525368335,9811363528,62.34,48,145,0.6216,270.0,True,0.3310344827586207,1.29875,True,True,3.0208333333333335,8,1,稳定拓展型
1927,4663,525368335,9811363528,15.68,16,18,0.7692,159.0,True,0.8888888888888888,0.98,True,True,1.125,8,6,稳定拓展型三
1928,4665,525368335,9811363528,0.0,0,0,,,False,,,False,False,,8,2,低效长尾型
1929,4674,525368335,9811363528,1.48,1,0,0.0,,True,,1.48,False,True,0.0,8,5,潜力挖掘型
1930,4696,525368335,9811363528,0.0,0,0,,,False,,,False,False,,8,2,低效长尾型
1931,4701,525368335,9811363528,0.0,0,0,,,False,,,False,False,,8,2,低效长尾型
1932,4706,525368335,9811363528,4.31,5,90,0.4,691.0,True,0.05555555555555555,0.8619999999999999,True,True,18.0,8,1,稳定拓展型
1933,4712,525368335,9811363528,0.0,0,0,,,False,,,False,False,,8,2,低效长尾型
1934,4717,525368335,9811363528,0.0,0,0,,,False,,,False,False,,8,2,低效长尾型
1935,4718,525368335,9811363528,2594.66,813,1424,0.7243,123.0,True,0.5709269662921348,3.191463714637146,True,True,1.7515375153751538,8,0,高价值转化型
1936,4723,525368335,9811363528,10.24,10,19,0.625,154.0,True,0.5263157894736842,1.024,True,True,1.9,8,6,稳定拓展型三
1937,4728,525368335,9811363528,0.0,0,0,,,False,,,False,False,,8,2,低效长尾型
1938,4736,525368335,9811363528,0.92,1,0,0.0,,True,,0.92,False,True,0.0,8,5,潜力挖掘型
1939,4739,525368335,9811363528,3.37,8,10,0.8333,115.0,True,0.8,0.42125,True,True,1.25,8,6,稳定拓展型三
1940,4750,525368335,9811363528,2.04,2,1,1.0,7.0,True,2.0,1.02,True,True,0.5,8,7,低效长尾型二
1941,4760,525368335,9811363528,53.34,40,119,0.7714,267.0,True,0.33613445378151263,1.3335000000000001,True,True,2.975,8,1,稳定拓展型
1942,4761,525368335,9811363528,0.0,0,0,,,False,,,False,False,,8,2,低效长尾型
1943,4764,525368335,9811363528,2.46,2,2,1.0,746.0,True,1.0,1.23,True,True,1.0,8,7,低效长尾型二
1944,4771,525368335,9811363528,0.0,0,0,,,False,,,False,False,,8,2,低效长尾型
1945,4778,525368335,9811363528,0.0,0,0,,,False,,,False,False,,8,2,低效长尾型
1946,4793,525368335,9811363528,0.0,0,0,,,False,,,False,False,,8,2,低效长尾型
1947,4802,525368335,9811363528,0.0,0,0,,,False,,,False,False,,8,2,低效长尾型
1948,4806,525368335,9811363528,0.0,0,0,,,False,,,False,False,,8,2,低效长尾型
1949,4807,525368335,9811363528,2.65,4,9,0.6667,27.0,True,0.4444444444444444,0.6625,True,True,2.25,8,6,稳定拓展型三
1950,4815,525368335,9811363528,13.7,17,19,0.8333,205.0,True,0.8947368421052632,0.8058823529411764,True,True,1.1176470588235294,8,6,稳定拓展型三
1951,4817,525368335,9811363528,0.83,1,1,1.0,13.0,True,1.0,0.83,True,True,1.0,8,7,低效长尾型二
1952,4824,525368335,9811363528,0.0,0,0,,,False,,,False,False,,8,2,低效长尾型
1953,4832,525368335,9811363528,0.0,0,0,,,False,,,False,False,,8,2,低效长尾型
1954,4833,525368335,9811363528,6.88,8,8,1.0,79.0,True,1.0,0.86,True,True,1.0,8,7,低效长尾型二
1955,4845,525368335,9811363528,4.63,4,2,1.0,1.0,True,2.0,1.1575,True,True,0.5,8,7,低效长尾型二
1956,4846,525368335,9811363528,0.0,0,0,,,False,,,False,False,,8,2,低效长尾型
1957,4849,525368335,9811363528,7.46,9,22,0.375,97.0,True,0.4090909090909091,0.8288888888888889,True,True,2.4444444444444446,8,1,稳定拓展型
1958,4853,525368335,9811363528,18.66,18,4,1.0,7.0,True,4.5,1.0366666666666666,True,True,0.2222222222222222,8,4,稳定拓展型二
1959,4880,525368335,9811363528,18.79,23,87,0.6,300.0,True,0.26436781609195403,0.8169565217391304,True,True,3.782608695652174,8,1,稳定拓展型
1960,4891,525368335,9811363528,4.61,4,19,0.5,351.0,True,0.21052631578947367,1.1525,True,True,4.75,8,1,稳定拓展型
1961,4894,525368335,9811363528,23.29,39,29,0.8333,150.0,True,1.3448275862068966,0.5971794871794872,True,True,0.7435897435897436,8,4,稳定拓展型二
1962,4901,525368335,9811363528,0.0,0,0,,,False,,,False,False,,8,2,低效长尾型
1963,4920,525368335,9811363528,2.5,2,2,1.0,68.0,True,1.0,1.25,True,True,1.0,8,7,低效长尾型二
1964,4931,525368335,9811363528,0.0,0,0,,,False,,,False,False,,8,2,低效长尾型
1965,4934,525368335,9811363528,0.0,0,0,,,False,,,False,False,,8,2,低效长尾型
1966,4937,525368335,9811363528,25.77,21,27,0.7333,51.0,True,0.7777777777777778,1.227142857142857,True,True,1.2857142857142858,8,6,稳定拓展型三
1967,4938,525368335,9811363528,36.87,40,106,0.5517,184.0,True,0.37735849056603776,0.92175,True,True,2.65,8,1,稳定拓展型
1968,4939,525368335,9811363528,0.33,1,5,0.0,43.0,True,0.2,0.33,True,True,5.0,8,5,潜力挖掘型
1969,4944,525368335,9811363528,0.0,0,0,,,False,,,False,False,,8,2,低效长尾型
1970,4951,525368335,9811363528,1.95,1,1,1.0,1.0,True,1.0,1.95,True,True,1.0,8,7,低效长尾型二
1971,4957,525368335,9811363528,15.54,14,32,0.4545,84.0,True,0.4375,1.1099999999999999,True,True,2.2857142857142856,8,1,稳定拓展型
1972,4958,525368335,9811363528,0.0,0,0,,,False,,,False,False,,8,2,低效长尾型
1973,4959,525368335,9811363528,0.0,0,0,,,False,,,False,False,,8,2,低效长尾型
1974,4966,525368335,9811363528,0.0,0,0,,,False,,,False,False,,8,2,低效长尾型
1975,4968,525368335,9811363528,0.59,1,0,0.0,,True,,0.59,False,True,0.0,8,5,潜力挖掘型
1976,4969,525368335,9811363528,9353.77,4456,5427,0.449,320.0,True,0.8210797862539156,2.099140484739677,True,True,1.2179084380610412,8,0,高价值转化型
1977,4987,525368335,9811363528,12.34,11,8,0.8571,69.0,True,1.375,1.1218181818181818,True,True,0.7272727272727273,8,6,稳定拓展型三
1978,4999,525368335,9811363528,9.03,6,17,0.6667,55.0,True,0.35294117647058826,1.505,True,True,2.8333333333333335,8,1,稳定拓展型
1979,5006,525368335,9811363528,0.0,0,0,,,False,,,False,False,,8,2,低效长尾型
1980,5013,525368335,9811363528,1.65,2,10,0.5,157.0,True,0.2,0.825,True,True,5.0,8,1,稳定拓展型
1981,5024,525368335,9811363528,0.0,0,0,,,False,,,False,False,,8,2,低效长尾型
1982,5029,525368335,9811363528,0.0,0,0,,,False,,,False,False,,8,2,低效长尾型
1983,5044,525368335,9811363528,23.34,23,31,0.8889,98.0,True,0.7419354838709677,1.0147826086956522,True,True,1.3478260869565217,8,6,稳定拓展型三
1984,5045,525368335,9811363528,9739.85,3556,5599,0.6304,63.0,True,0.6351134131094839,2.738990438695163,True,True,1.5745219347581552,8,0,高价值转化型
1985,5049,525368335,9811363528,0.32,1,2,0.0,22.0,True,0.5,0.32,True,True,2.0,8,5,潜力挖掘型
1986,5051,525368335,9811363528,0.0,0,0,,,False,,,False,False,,8,2,低效长尾型
1987,5070,525368335,9811363528,4240.55,2224,4333,0.8343,111.0,True,0.5132702515578121,1.9067221223021584,True,True,1.9482913669064748,8,0,高价值转化型
1988,5072,525368335,9811363528,0.0,0,0,,,False,,,False,False,,8,2,低效长尾型
1989,5084,525368335,9811363528,0.0,0,0,,,False,,,False,False,,8,2,低效长尾型
1990,5085,525368335,9811363528,0.0,0,0,,,False,,,False,False,,8,2,低效长尾型
1991,5091,525368335,9811363528,0.0,0,0,,,False,,,False,False,,8,2,低效长尾型
1992,5095,525368335,9811363528,13.79,13,10,0.7143,53.0,True,1.3,1.0607692307692307,True,True,0.7692307692307693,8,6,稳定拓展型三
1993,5103,525368335,9811363528,0.0,0,0,,,False,,,False,False,,8,2,低效长尾型
1994,5111,525368335,9811363528,4.1,5,24,0.6,263.0,True,0.20833333333333334,0.82,True,True,4.8,8,1,稳定拓展型
1995,5113,525368335,9811363528,2.91,3,11,0.6667,99.0,True,0.2727272727272727,0.9700000000000001,True,True,3.6666666666666665,8,1,稳定拓展型
1996,5118,525368335,9811363528,0.0,0,0,,,False,,,False,False,,8,2,低效长尾型
1997,5138,525368335,9811363528,0.0,0,0,,,False,,,False,False,,8,2,低效长尾型
1998,5148,525368335,9811363528,0.0,0,0,,,False,,,False,False,,8,2,低效长尾型
1999,5150,525368335,9811363528,1.17,1,12,0.0,2062.0,True,0.08333333333333333,1.17,True,True,12.0,8,5,潜力挖掘型
2000,5155,525368335,9811363528,3.94,3,0,0.0,,True,,1.3133333333333332,False,True,0.0,8,5,潜力挖掘型
2001,5163,525368335,9811363528,0.0,0,0,,,False,,,False,False,,8,2,低效长尾型
2002,5167,525368335,9811363528,2.4,3,1,1.0,120.0,True,3.0,0.7999999999999999,True,True,0.3333333333333333,8,7,低效长尾型二
2003,5175,525368335,9811363528,0.0,0,0,,,False,,,False,False,,8,2,低效长尾型
2004,5182,525368335,9811363528,132.06,13,23,0.7,33.0,True,0.5652173913043478,10.15846153846154,True,True,1.7692307692307692,8,0,高价值转化型
2005,5184,525368335,9811363528,0.0,0,0,,,False,,,False,False,,8,2,低效长尾型
2006,5187,525368335,9811363528,0.0,0,0,,,False,,,False,False,,8,2,低效长尾型
2007,5188,525368335,9811363528,0.0,0,0,,,False,,,False,False,,8,2,低效长尾型
2008,5196,525368335,9811363528,5.93,9,13,0.625,85.0,True,0.6923076923076923,0.6588888888888889,True,True,1.4444444444444444,8,6,稳定拓展型三
2009,5204,525368335,9811363528,0.0,0,0,,,False,,,False,False,,8,2,低效长尾型
2010,5207,525368335,9811363528,0.0,0,0,,,False,,,False,False,,8,2,低效长尾型
2011,5212,525368335,9811363528,242.98,40,36,0.8148,68.0,True,1.1111111111111112,6.0745,True,True,0.9,8,0,高价值转化型
2012,5219,525368335,9811363528,8.05,7,16,0.75,725.0,True,0.4375,1.1500000000000001,True,True,2.2857142857142856,8,1,稳定拓展型
2013,5220,525368335,9811363528,6.19,4,8,0.5,28.0,True,0.5,1.5475,True,True,2.0,8,1,稳定拓展型
2014,5222,525368335,9811363528,6.44,4,15,0.6667,679.0,True,0.26666666666666666,1.61,True,True,3.75,8,1,稳定拓展型
2015,5223,525368335,9811363528,0.0,0,0,,,False,,,False,False,,8,2,低效长尾型
2016,5226,525368335,9811363528,0.0,0,0,,,False,,,False,False,,8,2,低效长尾型
2017,5228,525368335,9811363528,6.63,5,4,0.6667,53.0,True,1.25,1.326,True,True,0.8,8,6,稳定拓展型三
2018,5230,525368335,9811363528,0.22,1,0,0.0,,True,,0.22,False,True,0.0,8,5,潜力挖掘型
2019,5232,525368335,9811363528,0.0,0,0,,,False,,,False,False,,8,2,低效长尾型
2020,5234,525368335,9811363528,0.0,0,0,,,False,,,False,False,,8,2,低效长尾型
2021,5242,525368335,9811363528,3.64,3,1,1.0,378.0,True,3.0,1.2133333333333334,True,True,0.3333333333333333,8,7,低效长尾型二
2022,5254,525368335,9811363528,0.0,0,0,,,False,,,False,False,,8,2,低效长尾型
2023,5255,525368335,9811363528,7.45,9,3,1.0,6.0,True,3.0,0.8277777777777778,True,True,0.3333333333333333,8,7,低效长尾型二
2024,5260,525368335,9811363528,310.37,345,915,0.6833,214.0,True,0.3770491803278688,0.8996231884057971,True,True,2.652173913043478,8,1,稳定拓展型
2025,5264,525368335,9811363528,0.0,0,0,,,False,,,False,False,,8,2,低效长尾型
2026,5266,525368335,9811363528,0.0,0,0,,,False,,,False,False,,8,2,低效长尾型
2027,5271,525368335,9811363528,20.07,22,132,0.6316,197.0,True,0.16666666666666666,0.9122727272727272,True,True,6.0,8,1,稳定拓展型
2028,5292,525368335,9811363528,3.93,3,5,0.6667,522.0,True,0.6,1.31,True,True,1.6666666666666667,8,6,稳定拓展型三
2029,5302,525368335,9811363528,0.0,0,0,,,False,,,False,False,,8,2,低效长尾型
2030,5306,525368335,9811363528,0.0,0,0,,,False,,,False,False,,8,2,低效长尾型
2031,5309,525368335,9811363528,4.65,10,5,1.0,200.0,True,2.0,0.465,True,True,0.5,8,7,低效长尾型二
2032,5313,525368335,9811363528,0.89,1,1,1.0,,True,1.0,0.89,True,True,1.0,8,7,低效长尾型二
2033,5317,525368335,9811363528,0.0,0,0,,,False,,,False,False,,8,2,低效长尾型
2034,5326,525368335,9811363528,1.8,2,0,0.0,,True,,0.9,False,True,0.0,8,5,潜力挖掘型
2035,5327,525368335,9811363528,1.93,2,2,1.0,80.0,True,1.0,0.965,True,True,1.0,8,7,低效长尾型二
2036,5328,525368335,9811363528,0.0,0,0,,,False,,,False,False,,8,2,低效长尾型
2037,5346,525368335,9811363528,0.0,0,0,,,False,,,False,False,,8,2,低效长尾型
2038,5365,525368335,9811363528,0.0,0,0,,,False,,,False,False,,8,2,低效长尾型
2039,5375,525368335,9811363528,0.0,0,0,,,False,,,False,False,,8,2,低效长尾型
2040,5378,525368335,9811363528,0.15,1,1,1.0,4.0,True,1.0,0.15,True,True,1.0,8,7,低效长尾型二
2041,5380,525368335,9811363528,0.0,0,0,,,False,,,False,False,,8,2,低效长尾型
2042,5391,525368335,9811363528,0.0,0,0,,,False,,,False,False,,8,2,低效长尾型
2043,5395,525368335,9811363528,3.89,3,1,1.0,14.0,True,3.0,1.2966666666666666,True,True,0.3333333333333333,8,7,低效长尾型二
2044,5397,525368335,9811363528,0.0,0,0,,,False,,,False,False,,8,2,低效长尾型
2045,5406,525368335,9811363528,0.86,1,0,0.0,,True,,0.86,False,True,0.0,8,5,潜力挖掘型
2046,5413,525368335,9811363528,0.0,0,0,,,False,,,False,False,,8,2,低效长尾型
2047,5420,525368335,9811363528,0.0,0,0,,,False,,,False,False,,8,2,低效长尾型
2048,5449,525368335,9811363528,4.71,6,25,0.5,275.0,True,0.24,0.785,True,True,4.166666666666667,8,1,稳定拓展型
2049,5460,525368335,9811363528,9272.73,2590,5678,0.697,171.0,True,0.4561465304684748,3.580204633204633,True,True,2.1922779922779925,8,0,高价值转化型
2050,5466,525368335,9811363528,0.0,0,0,,,False,,,False,False,,8,2,低效长尾型
2051,5474,525368335,9811363528,3.52,4,5,0.75,392.0,True,0.8,0.88,True,True,1.25,8,6,稳定拓展型三
2052,5475,525368335,9811363528,0.0,0,0,,,False,,,False,False,,8,2,低效长尾型
2053,5481,525368335,9811363528,0.15,1,0,0.0,,True,,0.15,False,True,0.0,8,5,潜力挖掘型
2054,5484,525368335,9811363528,2870.73,670,867,0.8636,66.0,True,0.7727797001153403,4.284671641791045,True,True,1.2940298507462686,8,0,高价值转化型
2055,5492,525368335,9811363528,5.47,7,4,1.0,65.0,True,1.75,0.7814285714285714,True,True,0.5714285714285714,8,7,低效长尾型二
2056,5497,525368335,9811363528,0.15,1,0,0.0,,True,,0.15,False,True,0.0,8,5,潜力挖掘型
2057,5500,525368335,9811363528,27.94,29,39,0.7143,330.0,True,0.7435897435897436,0.963448275862069,True,True,1.3448275862068966,8,6,稳定拓展型三
2058,5501,525368335,9811363528,0.15,1,1,1.0,654.0,True,1.0,0.15,True,True,1.0,8,7,低效长尾型二
2059,5502,525368335,9811363528,0.0,0,0,,,False,,,False,False,,8,2,低效长尾型
2060,5504,525368335,9811363528,0.0,0,0,,,False,,,False,False,,8,2,低效长尾型
2061,5505,525368335,9811363528,4.09,6,7,0.8,99.0,True,0.8571428571428571,0.6816666666666666,True,True,1.1666666666666667,8,6,稳定拓展型三
2062,5508,525368335,9811363528,3.2,5,34,0.5,442.0,True,0.14705882352941177,0.64,True,True,6.8,8,1,稳定拓展型
2063,5509,525368335,9811363528,0.0,0,0,,,False,,,False,False,,8,2,低效长尾型
2064,5515,525368335,9811363528,2.51,1,0,0.0,,True,,2.51,False,True,0.0,8,5,潜力挖掘型
2065,5522,525368335,9811363528,2.41,1,1,1.0,5.0,True,1.0,2.41,True,True,1.0,8,7,低效长尾型二
2066,5531,525368335,9811363528,13.14,12,11,0.8889,36.0,True,1.0909090909090908,1.095,True,True,0.9166666666666666,8,6,稳定拓展型三
2067,5533,525368335,9811363528,18.68,17,9,1.0,25.0,True,1.8888888888888888,1.0988235294117648,True,True,0.5294117647058824,8,7,低效长尾型二
2068,5536,525368335,9811363528,0.0,0,0,,,False,,,False,False,,8,2,低效长尾型
2069,5538,525368335,9811363528,33.94,39,40,0.7778,76.0,True,0.975,0.8702564102564102,True,True,1.0256410256410255,8,6,稳定拓展型三
2070,5543,525368335,9811363528,0.0,0,0,,,False,,,False,False,,8,2,低效长尾型
2071,5551,525368335,9811363528,0.3,2,2,1.0,5.0,True,1.0,0.15,True,True,1.0,8,7,低效长尾型二
2072,5578,525368335,9811363528,0.0,0,0,,,False,,,False,False,,8,2,低效长尾型
2073,5583,525368335,9811363528,0.0,0,0,,,False,,,False,False,,8,2,低效长尾型
2074,5584,525368335,9811363528,0.0,0,0,,,False,,,False,False,,8,2,低效长尾型
2075,5588,525368335,9811363528,17.72,17,43,0.75,272.0,True,0.3953488372093023,1.0423529411764705,True,True,2.5294117647058822,8,1,稳定拓展型
2076,5591,525368335,9811363528,0.31,2,1,1.0,120.0,True,2.0,0.155,True,True,0.5,8,7,低效长尾型二
2077,5593,525368335,9811363528,0.0,0,0,,,False,,,False,False,,8,2,低效长尾型
2078,5594,525368335,9811363528,0.0,0,0,,,False,,,False,False,,8,2,低效长尾型
2079,5596,525368335,9811363528,1051.38,988,1708,0.6986,126.0,True,0.5784543325526932,1.0641497975708503,True,True,1.728744939271255,8,6,稳定拓展型三
2080,5605,525368335,9811363528,0.0,0,0,,,False,,,False,False,,8,2,低效长尾型
2081,5608,525368335,9811363528,111.69,12,19,0.5714,287.0,True,0.631578947368421,9.3075,True,True,1.5833333333333333,8,0,高价值转化型
2082,5624,525368335,9811363528,5.22,14,5,1.0,54.0,True,2.8,0.37285714285714283,True,True,0.35714285714285715,8,7,低效长尾型二
2083,5637,525368335,9811363528,0.0,0,0,,,False,,,False,False,,8,2,低效长尾型
2084,5640,525368335,9811363528,531.84,40,33,0.875,30.0,True,1.2121212121212122,13.296000000000001,True,True,0.825,8,0,高价值转化型
2085,5656,525368335,9811363528,0.0,0,0,,,False,,,False,False,,8,2,低效长尾型
2086,5658,525368335,9811363528,2.07,2,2,1.0,120.0,True,1.0,1.035,True,True,1.0,8,7,低效长尾型二
2087,5661,525368335,9811363528,0.0,0,0,,,False,,,False,False,,8,2,低效长尾型
2088,5672,525368335,9811363528,0.0,0,0,,,False,,,False,False,,8,2,低效长尾型
2089,5683,525368335,9811363528,0.0,0,0,,,False,,,False,False,,8,2,低效长尾型
2090,5693,525368335,9811363528,12.75,9,14,0.875,95.0,True,0.6428571428571429,1.4166666666666667,True,True,1.5555555555555556,8,6,稳定拓展型三
2091,5694,525368335,9811363528,0.0,0,0,,,False,,,False,False,,8,2,低效长尾型
2092,5698,525368335,9811363528,0.0,0,0,,,False,,,False,False,,8,2,低效长尾型
2093,5705,525368335,9811363528,4.36,3,16,0.3333,243.0,True,0.1875,1.4533333333333334,True,True,5.333333333333333,8,1,稳定拓展型
2094,5720,525368335,9811363528,0.0,0,0,,,False,,,False,False,,8,2,低效长尾型
2095,5721,525368335,9811363528,5.21,4,4,1.0,6.0,True,1.0,1.3025,True,True,1.0,8,7,低效长尾型二
2096,5726,525368335,9811363528,5.1,3,2,1.0,61.0,True,1.5,1.7,True,True,0.6666666666666666,8,7,低效长尾型二
2097,5728,525368335,9811363528,0.0,0,0,,,False,,,False,False,,8,2,低效长尾型
2098,5730,525368335,9811363528,2.54,2,4,0.5,49.0,True,0.5,1.27,True,True,2.0,8,1,稳定拓展型
2099,5736,525368335,9811363528,0.0,0,0,,,False,,,False,False,,8,2,低效长尾型
2100,5745,525368335,9811363528,6.58,6,30,0.2,596.0,True,0.2,1.0966666666666667,True,True,5.0,8,1,稳定拓展型
2101,5755,525368335,9811363528,29.05,27,41,0.6875,141.0,True,0.6585365853658537,1.075925925925926,True,True,1.5185185185185186,8,6,稳定拓展型三
2102,5764,525368335,9811363528,11.39,9,51,0.75,275.0,True,0.17647058823529413,1.2655555555555555,True,True,5.666666666666667,8,1,稳定拓展型
2103,5771,525368335,9811363528,165.76,118,152,0.8571,29.0,True,0.7763157894736842,1.4047457627118642,True,True,1.2881355932203389,8,6,稳定拓展型三
2104,5792,525368335,9811363528,0.45,1,0,0.0,,True,,0.45,False,True,0.0,8,5,潜力挖掘型
2105,5800,525368335,9811363528,3.02,3,4,0.6667,135.0,True,0.75,1.0066666666666666,True,True,1.3333333333333333,8,6,稳定拓展型三
2106,5802,525368335,9811363528,4.09,3,13,0.5,112.0,True,0.23076923076923078,1.3633333333333333,True,True,4.333333333333333,8,1,稳定拓展型
2107,5810,525368335,9811363528,0.0,0,0,,,False,,,False,False,,8,2,低效长尾型
2108,5817,525368335,9811363528,4.01,6,14,0.75,674.0,True,0.42857142857142855,0.6683333333333333,True,True,2.3333333333333335,8,1,稳定拓展型
2109,5830,525368335,9811363528,68.65,16,5,1.0,29.0,True,3.2,4.290625,True,True,0.3125,8,0,高价值转化型
2110,5831,525368335,9811363528,52.79,3,19,0.3333,517.0,True,0.15789473684210525,17.596666666666668,True,True,6.333333333333333,8,0,高价值转化型
2111,5836,525368335,9811363528,0.0,0,0,,,False,,,False,False,,8,2,低效长尾型
2112,5841,525368335,9811363528,3.53,6,5,1.0,181.0,True,1.2,0.5883333333333333,True,True,0.8333333333333334,8,7,低效长尾型二
2113,5844,525368335,9811363528,0.0,0,1,,,False,0.0,,True,False,,8,4,稳定拓展型二
2114,5866,525368335,9811363528,0.0,0,0,,,False,,,False,False,,8,2,低效长尾型
2115,5869,525368335,9811363528,12.17,5,3,1.0,8.0,True,1.6666666666666667,2.434,True,True,0.6,8,7,低效长尾型二
2116,5872,525368335,9811363528,0.96,2,3,0.5,96.0,True,0.6666666666666666,0.48,True,True,1.5,8,1,稳定拓展型
2117,5873,525368335,9811363528,0.0,0,0,,,False,,,False,False,,8,2,低效长尾型
2118,5885,525368335,9811363528,1.71,2,1,1.0,2.0,True,2.0,0.855,True,True,0.5,8,7,低效长尾型二
2119,5888,525368335,9811363528,2.86,4,6,0.3333,130.0,True,0.6666666666666666,0.715,True,True,1.5,8,1,稳定拓展型
2120,5891,525368335,9811363528,112.7,110,170,0.3,569.0,True,0.6470588235294118,1.0245454545454546,True,True,1.5454545454545454,8,0,高价值转化型
2121,5893,525368335,9811363528,0.0,0,0,,,False,,,False,False,,8,2,低效长尾型
2122,5896,525368335,9811363528,18.37,25,53,0.4762,192.0,True,0.4716981132075472,0.7348,True,True,2.12,8,1,稳定拓展型
2123,5897,525368335,9811363528,0.43,2,1,1.0,,True,2.0,0.215,True,True,0.5,8,7,低效长尾型二
2124,5898,525368335,9811363528,0.0,0,0,,,False,,,False,False,,8,2,低效长尾型
2125,5902,525368335,9811363528,7.4,7,5,0.75,13.0,True,1.4,1.0571428571428572,True,True,0.7142857142857143,8,6,稳定拓展型三
2126,5913,525368335,9811363528,4.42,6,31,0.25,412.0,True,0.1935483870967742,0.7366666666666667,True,True,5.166666666666667,8,1,稳定拓展型
2127,5916,525368335,9811363528,0.0,0,0,,,False,,,False,False,,8,2,低效长尾型
2128,5918,525368335,9811363528,0.0,0,0,,,False,,,False,False,,8,2,低效长尾型
2129,5921,525368335,9811363528,1.97,1,0,0.0,,True,,1.97,False,True,0.0,8,5,潜力挖掘型
2130,5928,525368335,9811363528,0.85,1,1,1.0,3.0,True,1.0,0.85,True,True,1.0,8,7,低效长尾型二
2131,5931,525368335,9811363528,0.0,0,0,,,False,,,False,False,,8,2,低效长尾型
2132,5935,525368335,9811363528,46.08,7,7,0.8,190.0,True,1.0,6.582857142857143,True,True,1.0,8,0,高价值转化型
2133,5964,525368335,9811363528,0.0,0,0,,,False,,,False,False,,8,2,低效长尾型
2134,5979,525368335,9811363528,0.0,0,0,,,False,,,False,False,,8,2,低效长尾型
2135,5985,525368335,9811363528,0.0,0,0,,,False,,,False,False,,8,2,低效长尾型
2136,5996,525368335,9811363528,0.0,0,0,,,False,,,False,False,,8,2,低效长尾型
2137,6009,525368335,9811363528,0.0,0,0,,,False,,,False,False,,8,2,低效长尾型
2138,6021,525368335,9811363528,2.94,2,1,1.0,18.0,True,2.0,1.47,True,True,0.5,8,7,低效长尾型二
2139,6029,525368335,9811363528,120.76,18,36,0.7059,104.0,True,0.5,6.70888888888889,True,True,2.0,8,0,高价值转化型
2140,6039,525368335,9811363528,0.0,0,0,,,False,,,False,False,,8,2,低效长尾型
2141,6042,525368335,9811363528,0.0,0,0,,,False,,,False,False,,8,2,低效长尾型
2142,6077,525368335,9811363528,0.0,0,0,,,False,,,False,False,,8,2,低效长尾型
2143,6109,525368335,9811363528,0.0,0,0,,,False,,,False,False,,8,2,低效长尾型
2144,6113,525368335,9811363528,0.0,0,0,,,False,,,False,False,,8,2,低效长尾型
2145,6118,525368335,9811363528,0.0,0,0,,,False,,,False,False,,8,2,低效长尾型
2146,6130,525368335,9811363528,2.93,3,1,1.0,13.0,True,3.0,0.9766666666666667,True,True,0.3333333333333333,8,7,低效长尾型二
2147,6131,525368335,9811363528,0.0,0,0,,,False,,,False,False,,8,2,低效长尾型
2148,6152,525368335,9811363528,7.29,9,8,0.8571,410.0,True,1.125,0.81,True,True,0.8888888888888888,8,6,稳定拓展型三
2149,6162,525368335,9811363528,121.83,24,24,0.9048,45.0,True,1.0,5.07625,True,True,1.0,8,0,高价值转化型
2150,6173,525368335,9811363528,1.4,1,1,1.0,46.0,True,1.0,1.4,True,True,1.0,8,7,低效长尾型二
2151,6175,525368335,9811363528,0.0,0,0,,,False,,,False,False,,8,2,低效长尾型
2152,6177,525368335,9811363528,0.0,0,0,,,False,,,False,False,,8,2,低效长尾型
2153,6190,525368335,9811363528,0.0,0,0,,,False,,,False,False,,8,2,低效长尾型
2154,6202,525368335,9811363528,0.0,0,0,,,False,,,False,False,,8,2,低效长尾型
2155,6206,525368335,9811363528,0.0,0,0,,,False,,,False,False,,8,2,低效长尾型
2156,6208,525368335,9811363528,0.0,0,0,,,False,,,False,False,,8,2,低效长尾型
2157,6211,525368335,9811363528,0.0,0,0,,,False,,,False,False,,8,2,低效长尾型
2158,6220,525368335,9811363528,0.76,2,2,1.0,1.0,True,1.0,0.38,True,True,1.0,8,7,低效长尾型二
2159,6222,525368335,9811363528,0.0,0,0,,,False,,,False,False,,8,2,低效长尾型
2160,6229,525368335,9811363528,1.21,1,1,1.0,3.0,True,1.0,1.21,True,True,1.0,8,7,低效长尾型二
2161,6231,525368335,9811363528,0.88,2,1,1.0,120.0,True,2.0,0.44,True,True,0.5,8,7,低效长尾型二
2162,6246,525368335,9811363528,53.38,10,23,0.6364,79.0,True,0.43478260869565216,5.338,True,True,2.3,8,0,高价值转化型
2163,6250,525368335,9811363528,1.47,1,1,1.0,10.0,True,1.0,1.47,True,True,1.0,8,7,低效长尾型二
2164,6261,525368335,9811363528,27.63,12,14,0.8333,86.0,True,0.8571428571428571,2.3024999999999998,True,True,1.1666666666666667,8,0,高价值转化型
2165,6269,525368335,9811363528,0.0,0,0,,,False,,,False,False,,8,2,低效长尾型
2166,6272,525368335,9811363528,121.35,23,43,0.75,57.0,True,0.5348837209302325,5.2760869565217385,True,True,1.8695652173913044,8,0,高价值转化型
2167,6291,525368335,9811363528,0.0,0,0,,,False,,,False,False,,8,2,低效长尾型
2168,6305,525368335,9811363528,3.8,5,6,0.75,15.0,True,0.8333333333333334,0.76,True,True,1.2,8,6,稳定拓展型三
2169,6306,525368335,9811363528,0.0,0,0,,,False,,,False,False,,8,2,低效长尾型
2170,6307,525368335,9811363528,20.78,8,22,0.7143,223.0,True,0.36363636363636365,2.5975,True,True,2.75,8,1,稳定拓展型
2171,6340,525368335,9811363528,1.45,1,0,0.0,,True,,1.45,False,True,0.0,8,5,潜力挖掘型
2172,6343,525368335,9811363528,40.22,9,35,0.5,214.0,True,0.2571428571428571,4.4688888888888885,True,True,3.888888888888889,8,0,高价值转化型
2173,6351,525368335,9811363528,0.0,0,0,,,False,,,False,False,,8,2,低效长尾型
2174,6353,525368335,9811363528,1.5,2,2,1.0,2.0,True,1.0,0.75,True,True,1.0,8,7,低效长尾型二
2175,6359,525368335,9811363528,0.0,0,0,,,False,,,False,False,,8,2,低效长尾型
2176,6363,525368335,9811363528,0.0,0,0,,,False,,,False,False,,8,2,低效长尾型
2177,6365,525368335,9811363528,0.0,0,0,,,False,,,False,False,,8,2,低效长尾型
2178,6366,525368335,9811363528,12.65,13,36,0.6923,81.0,True,0.3611111111111111,0.9730769230769231,True,True,2.769230769230769,8,1,稳定拓展型
2179,6372,525368335,9811363528,4.92,4,10,0.75,37.0,True,0.4,1.23,True,True,2.5,8,1,稳定拓展型
2180,6383,525368335,9811363528,2.7,5,4,1.0,92.0,True,1.25,0.54,True,True,0.8,8,7,低效长尾型二
2181,6402,525368335,9811363528,0.0,0,0,,,False,,,False,False,,8,2,低效长尾型
2182,6407,525368335,9811363528,0.0,0,0,,,False,,,False,False,,8,2,低效长尾型
2183,6409,525368335,9811363528,0.0,0,0,,,False,,,False,False,,8,2,低效长尾型
2184,6418,525368335,9811363528,0.0,0,0,,,False,,,False,False,,8,2,低效长尾型
2185,6428,525368335,9811363528,0.0,0,0,,,False,,,False,False,,8,2,低效长尾型
2186,6432,525368335,9811363528,5.13,4,2,1.0,75.0,True,2.0,1.2825,True,True,0.5,8,7,低效长尾型二
2187,6436,525368335,9811363528,9.62,7,6,1.0,52.0,True,1.1666666666666667,1.374285714285714,True,True,0.8571428571428571,8,7,低效长尾型二
2188,6440,525368335,9811363528,11.87,8,17,0.875,81.0,True,0.47058823529411764,1.48375,True,True,2.125,8,1,稳定拓展型
2189,6444,525368335,9811363528,0.0,0,0,,,False,,,False,False,,8,2,低效长尾型
2190,6446,525368335,9811363528,0.0,0,0,,,False,,,False,False,,8,2,低效长尾型
2191,6451,525368335,9811363528,0.0,0,0,,,False,,,False,False,,8,2,低效长尾型
2192,6457,525368335,9811363528,0.73,1,1,1.0,120.0,True,1.0,0.73,True,True,1.0,8,7,低效长尾型二
2193,6461,525368335,9811363528,0.0,0,0,,,False,,,False,False,,8,2,低效长尾型
2194,6470,525368335,9811363528,0.0,0,0,,,False,,,False,False,,8,2,低效长尾型
2195,6473,525368335,9811363528,0.0,0,0,,,False,,,False,False,,8,2,低效长尾型
2196,6474,525368335,9811363528,12230.47,690,1211,0.6592,172.0,True,0.5697770437654831,17.72531884057971,True,True,1.7550724637681159,8,0,高价值转化型
2197,6483,525368335,9811363528,21240.56,994,2010,0.8,157.0,True,0.4945273631840796,21.368772635814892,True,True,2.022132796780684,8,0,高价值转化型
2198,6487,525368335,9811363528,4.97,9,4,1.0,65.0,True,2.25,0.5522222222222222,True,True,0.4444444444444444,8,7,低效长尾型二
2199,6488,525368335,9811363528,0.0,0,0,,,False,,,False,False,,8,2,低效长尾型
2200,6490,525368335,9811363528,166.07,165,145,0.9524,55.0,True,1.1379310344827587,1.0064848484848485,True,True,0.8787878787878788,8,6,稳定拓展型三
2201,6492,525368335,9811363528,0.0,0,0,,,False,,,False,False,,8,2,低效长尾型
2202,6503,525368335,9811363528,5.49,7,15,0.8,89.0,True,0.4666666666666667,0.7842857142857144,True,True,2.142857142857143,8,6,稳定拓展型三
2203,6510,525368335,9811363528,1.89,2,4,0.5,26.0,True,0.5,0.945,True,True,2.0,8,1,稳定拓展型
2204,6516,525368335,9811363528,110.03,110,88,1.0,3.0,True,1.25,1.0002727272727272,True,True,0.8,8,6,稳定拓展型三
2205,6518,525368335,9811363528,10.03,8,46,0.4286,322.0,True,0.17391304347826086,1.25375,True,True,5.75,8,1,稳定拓展型
2206,6522,525368335,9811363528,31241.97,10293,31253,0.8863,39.0,True,0.32934438293923785,3.035263771495191,True,True,3.0363353735548433,8,0,高价值转化型
2207,6523,525368335,9811363528,1.35,1,1,1.0,37.0,True,1.0,1.35,True,True,1.0,8,7,低效长尾型二
2208,6529,525368335,9811363528,0.0,0,0,,,False,,,False,False,,8,2,低效长尾型
2209,6542,525368335,9811363528,2.88,3,2,1.0,502.0,True,1.5,0.96,True,True,0.6666666666666666,8,7,低效长尾型二
2210,6547,525368335,9811363528,0.0,0,0,,,False,,,False,False,,8,2,低效长尾型
2211,6554,525368335,9811363528,22.07,120,24,0.5714,127.0,True,5.0,0.18391666666666667,True,True,0.2,8,4,稳定拓展型二
2212,6561,525368335,9811363528,190.83,93,12,0.8333,108.0,True,7.75,2.051935483870968,True,True,0.12903225806451613,8,4,稳定拓展型二
2213,6579,525368335,9811363528,10.19,10,7,1.0,54.0,True,1.4285714285714286,1.019,True,True,0.7,8,7,低效长尾型二
2214,6583,525368335,9811363528,0.0,0,0,,,False,,,False,False,,8,2,低效长尾型
2215,6588,525368335,9811363528,0.0,0,0,,,False,,,False,False,,8,2,低效长尾型
2216,6595,525368335,9811363528,2.0,1,0,0.0,,True,,2.0,False,True,0.0,8,5,潜力挖掘型
2217,6601,525368335,9811363528,0.75,1,1,1.0,8.0,True,1.0,0.75,True,True,1.0,8,7,低效长尾型二
2218,6607,525368335,9811363528,2674.93,1735,2223,0.6209,240.0,True,0.7804768331084121,1.5417463976945245,True,True,1.2812680115273776,8,6,稳定拓展型三
2219,6615,525368335,9811363528,0.0,0,0,,,False,,,False,False,,8,2,低效长尾型
2220,6616,525368335,9811363528,5.75,3,6,0.3333,19.0,True,0.5,1.9166666666666667,True,True,2.0,8,1,稳定拓展型
2221,6621,525368335,9811363528,0.0,0,0,,,False,,,False,False,,8,2,低效长尾型
2222,6631,525368335,9811363528,0.0,0,0,,,False,,,False,False,,8,2,低效长尾型
2223,6639,525368335,9811363528,0.69,1,1,1.0,120.0,True,1.0,0.69,True,True,1.0,8,7,低效长尾型二
2224,6641,525368335,9811363528,0.37,1,0,0.0,,True,,0.37,False,True,0.0,8,5,潜力挖掘型
2225,6648,525368335,9811363528,18.0,18,12,0.8,39.0,True,1.5,1.0,True,True,0.6666666666666666,8,4,稳定拓展型二
2226,6658,525368335,9811363528,0.0,0,0,,,False,,,False,False,,8,2,低效长尾型
2227,6662,525368335,9811363528,3.14,2,2,0.0,7.0,True,1.0,1.57,True,True,1.0,8,5,潜力挖掘型
